Symbol,Average Return,Average Volatility,Sharpe Ratio,Price,Forward PE,Dividend Yield,Beta,Target Price,low_risk,high_return
MRNA,0.8486226391795202,0.7947872278085764,1.0284445579718713,173.25,10.449337,0.0,1.693601,207.29,0.0,0.8185003014999545
TSLA,0.597868363660548,0.5773608303553134,0.9814318773886899,189.97999572753906,30.84091,0.0,2.127855,272.0,0.0,0.7144909502635052
ENPH,0.7288098240279688,0.8223384774863508,0.8482903368039317,222.92999267578125,82.566666,0.0,1.469786,308.92,0.0,0.6834638644165332
CZR,0.49732614501975053,0.6202242437056931,0.7514993323071102,54.9900016784668,124.97728,0.0,2.772291,71.75,0.0,0.6777923298401656
NVDA,0.5291048367300021,0.4457818858093364,1.1168618837704571,211.0,13.7369795,0.0011999999,1.712969,190.5,0.0015714815597927332,0.6737809364719677
CARR,0.5702973997865096,0.42806122398558066,1.2593277073151303,46.88999938964844,20.038462,0.0167,1.125734,44.72,0.03465570986769455,0.6595684472684312
AMD,0.5178975771681422,0.5845774214788793,0.8325151114162314,86.08999633789062,31.767527,0.0,2.0549,98.52,0.0,0.6372375480205431
SEDG,0.5521158949937668,0.6444604145192446,0.8082542282881712,316.0,50.0,0.0,1.281134,331.19,0.0,0.5698221931545177
PAYC,0.4588588537101055,0.4646451675076395,0.9203384509725581,337.44000244140625,61.802197,0.0,1.423728,397.0,0.0,0.5591060479592795
EPAM,0.3858764694570869,0.43800159266497984,0.8096966664094115,375.8500061035156,40.370567,0.0,1.677597,468.67,0.0,0.5275913723211232
GOOGL,0.20706275254760442,0.2724024007330167,0.6454961926921536,104.77999877929688,1.1019034,0.0,1.099484,132.22,0.0,0.5240831285122178
GOOG,0.20808634809392101,0.27293441409696934,0.647988304021076,105.22000122070312,1.1119096,0.0,1.099484,132.15,0.0,0.5234599725442399
DXCM,0.4512100133097012,0.47982669440164,0.8752784666121859,108.43000030517578,32.56156,0.0,1.035003,107.06,0.0,0.5103032118369162
AMZN,0.25873124860024255,0.3280384560494646,0.6935260315080186,103.38999938964844,1.457018,0.0,1.0,167.22,0.0,0.5053374944315473
ETSY,0.3957378741946665,0.6205679144553969,0.5873810516296452,147.5,38.01546,0.0,1.808769,118.04,0.0,0.5014830649145672
AVGO,0.36613741461100546,0.3465179757725726,0.9664992815165644,597.6199951171875,20.600483,0.0356,1.116433,644.8,0.09202197800551723,0.49772037384131845
MPWR,0.38374066023497844,0.3940488509289262,0.8945911640390004,456.29998779296875,66.41921,0.009,1.168386,527.67,0.019548169656015024,0.4906383399627759
FANG,0.3226086328537557,0.5135845105506335,0.5673469251382127,138.39999389648438,13.502439,0.0796,1.997789,174.8,0.07758031400109308,0.4893647402096002
ALGN,0.33902574270064717,0.4545899982015594,0.6770885939508371,343.1000061035156,27.295149,0.0,1.764554,245.9,0.0,0.4887132994730028
ON,0.3349151215030796,0.4574171517986823,0.6639171275380992,80.88999938964844,35.95111,0.0,1.752763,75.06,0.0,0.48108039682792925
LRCX,0.3411016927719874,0.3936490512585028,0.7871825215558788,529.25,16.3248,0.0179,1.383566,432.3,0.0328657797772972,0.4785952493348251
MSCI,0.3328266298055697,0.29077549332600505,1.0372214878273476,567.4299926757812,52.882572,0.0112,1.0,492.91,0.03851768892863003,0.4776395767796725
CTAS,0.278197935424531,0.2567579479340254,0.9618782881601418,442.4200134277344,43.37451,0.0101,1.380619,443.55,0.028492045676492266,0.4741475284426574
ANET,0.35637614403244283,0.43577947626493924,0.7461299160415805,131.9600067138672,11.729778,0.0,1.294399,142.34,0.0,0.4739045763019356
NFLX,0.3741952184572594,0.45567140406883394,0.7526633784796617,365.8999938964844,28.189524,0.0,1.221075,278.97,0.0,0.4668326191615644
ODFL,0.31466853833099206,0.29016731874720864,0.976817442986001,371.010009765625,42.16023,0.0044,1.057479,284.33,0.014339447825271908,0.4631894649003708
APA,0.11427448106161116,0.5658076126376972,0.14677505076367428,42.040000915527344,25.325302,0.0221,3.687177,53.81,0.010593256818335095,0.4631071911586985
AMAT,0.3074771813007082,0.38281453725576675,0.7216265695832245,119.9800033569336,17.988007,0.0119,1.512159,109.32,0.020557063678025258,0.4603983237003305
CDW,0.29875137564787624,0.28503599327356144,0.9385598379390727,201.0800018310547,25.166458,0.0119,1.120854,209.54,0.03724759279802671,0.4571201411716955
CDNS,0.30525849931434573,0.3001484013336125,0.9129832379667528,185.85000610351562,55.477615,0.0,1.147752,191.71,0.0,0.45360615489404327
AAPL,0.2805547585637646,0.287531779898321,0.867127517722366,154.5,29.096046,0.006,1.249815,183.59,0.016696277910053715,0.4455581690445929
STLD,0.30875051676528353,0.3824339795386354,0.7256742120714381,128.17999267578125,30.591883,0.0139,1.383566,90.5,0.02626990162856705,0.4444043827042511
NOW,0.36152405332971843,0.4119083186108882,0.801867790505816,472.2200012207031,66.69774,0.0,1.0,537.06,0.0,0.44413418711746644
SNPS,0.27403067879210236,0.2718228599310739,0.893238482074061,361.44000244140625,50.41004,0.0,1.242078,407.03,0.0,0.44383829943517317
ZBRA,0.2759926598061485,0.37969102570704205,0.6446415723313976,330.80999755859375,19.155182,0.0,1.662859,391.73,0.0,0.4436515832485459
MU,0.3115293617331228,0.4557784574705354,0.6149946693279236,62.40999984741211,5.8327103,0.0083,1.276344,65.92,0.014267785020619081,0.4406873913192192
FTNT,0.3193041879756114,0.3845427874538936,0.7491393867734725,53.0,12.183908,0.0,1.141488,70.45,0.0,0.44004386574406656
HCA,0.2515188358101079,0.3295964379070094,0.6683652202516212,258.0799865722656,16.990124,0.0104,1.685703,240.64,0.01871844510547721,0.439774306412617
MCHP,0.2633909905090938,0.3542629279492143,0.6553407997241414,85.33999633789062,11.378666,0.019199999,1.558585,82.88,0.03477322784162836,0.4361989080454469
NDAQ,0.2568879544536278,0.2376715513475425,0.9494611920524297,60.54999923706055,8.468532,0.013300001,0.939572,65.84,0.05955858987108535,0.4359102597373163
TDG,0.2747100604713101,0.3286903400557681,0.7407641503421101,713.5,42.16903,0.0,1.434414,714.9,0.0,0.4336920774853117
BBY,0.27795763549453,0.3961733863435967,0.6227818526060819,90.31999969482422,11.361007,0.0535,1.492999,78.13,0.09045008253997557,0.430439161569378
IR,0.2830993510596205,0.368140639849234,0.6841714383082793,57.11000061035156,27.723303,0.0016,1.446941,53.23,0.0030036919942243246,0.43029221079862534
ADBE,0.27927759412480424,0.31642304781213726,0.7839174669660388,379.3299865722656,27.749084,0.0,1.22955,368.77,0.0,0.4265847355734379
MSFT,0.27939521604122636,0.271940772210855,0.9125780368622507,258.3500061035156,30.940119,0.0109,0.960206,307.58,0.04174339390945093,0.4246979146423261
TRGP,0.22215225985597642,0.5336131364366901,0.3577952018510485,73.41000366210938,44.222893,0.0208,2.364038,93.89,0.016488546345998167,0.4235615147640247
IDXX,0.278712363089938,0.3005553405894354,0.8234234753917308,482.4100036621094,54.75709,0.0,1.140383,479.63,0.0,0.42173167167007525
SPGI,0.25586160170210387,0.2559943717509399,0.8774941424353376,372.9100036621094,26.847372,0.0109,1.075534,383.71,0.039588763456544836,0.41843254804706426
TER,0.2619817235335792,0.3728925131979053,0.6188209078278583,107.98999786376953,19.215303,0.0053,1.519896,103.03,0.009351436597881551,0.4171530142021831
KLAC,0.30735669920137265,0.3626038024891166,0.7615161708499203,408.2699890136719,24.157988,0.017,1.0,361.65,0.04688312666139305,0.41426041891207377
RCL,0.21192782852660608,0.5092197315192835,0.3548562189317352,68.44000244140625,31.685184,0.0,2.308032,64.57,0.0,0.41405045647394834
SIVB,0.2463738119261495,0.42117754360621706,0.5108196654783231,323.2099914550781,12.537237,0.0,1.720338,331.71,0.0,0.41333711726426425
NXPI,0.26840547064696724,0.39662767477465183,0.5979850770309517,190.9499969482422,17.929577,0.0229,1.477523,187.35,0.03907673037713999,0.4127068035718632
CDAY,0.3036825142530181,0.4815613263199197,0.5657731619373777,76.19999694824219,119.0625,0.0,1.442876,0.0,0.0,0.4109632795402314
MCO,0.24703657396008624,0.27680636765464584,0.7796371730692893,324.3599853515625,26.917841,0.0107,1.235814,281.44,0.0312791246253947,0.41045713799083267
CSGP,0.25782954925917817,0.3173694334705942,0.7139991611256856,76.58000183105469,5.2777395,0.0,1.0,89.82,0.0,0.4096096185353899
MOH,0.30426901588818744,0.3732390415261472,0.7315445211130729,301.07000732421875,18.561653,0.0,1.0,366.69,0.0,0.4092183145959263
WST,0.2648716700985633,0.27485702046578997,0.8500551658035743,272.8800048828125,35.029526,0.0028,1.0,364.83,0.010187114723338499,0.40815633741606006
APTV,0.20968508627950086,0.3782265175925656,0.4718258450548386,115.7300033569336,23.0998,0.0,1.991893,121.91,0.0,0.40705509577048976
AMP,0.24592277269338259,0.33403128714746944,0.6427383929588563,354.1000061035156,15.709848,0.0167,1.422991,322.73,0.03513396552331653,0.4065390328628371
KEYS,0.27099388705106797,0.30550532618201387,0.784817240515082,181.39999389648438,28.657187,0.0,1.0549,195.38,0.0,0.4049294436897315
MGM,0.22387129061458194,0.4479250666126386,0.430079191765658,41.709999084472656,245.35294,0.00029999999,2.051952,50.46,0.00032639889206750584,0.40396183590599993
LYV,0.2761881551911741,0.37672649753532816,0.6502333040005044,79.80000305175781,181.36365,0.0,1.341562,115.15,0.0,0.4033996952050045
CPRT,0.2375966286752588,0.2660548304824047,0.7756618750610017,68.63999938964844,19.066668,0.0,1.170596,149.71,0.0,0.40147979910580806
TECH,0.2268075461550599,0.2790306775550264,0.7009247437398732,79.16000366210938,11.117978,0.0042,1.275239,465.26,0.011803362648372034,0.3991015043363353
ORLY,0.25036119086190034,0.2653633145619061,0.8257854000257424,794.8400268554688,29.22206,0.0,1.0,819.26,0.0,0.39718181989408696
POOL,0.2696042140161668,0.28292280976486145,0.8425484471189955,403.57000732421875,30.759909,0.013099999,0.868091,349.78,0.05333816203037961,0.3966228662524044
URI,0.3074882664657523,0.42367266248536134,0.6520605432762795,455.07000732421875,19.258148,0.0,1.0,362.07,0.0,0.39454145649963057
BR,0.2318024932077589,0.2295649443261855,0.8737155134998563,153.5800018310547,24.5728,0.02,0.95689,173.2,0.09104632272360438,0.3944724299133051
MTD,0.23449746075081648,0.26271605253485303,0.7737228798746894,1591.6500244140625,48.290356,0.0,1.142225,1330.73,0.0,0.3903574200506055
UNH,0.25720883932761357,0.2537932347493124,0.8904130149749233,472.0199890136719,22.087973,0.012200001,0.745762,594.64,0.06445840797005868,0.39031792405669696
DHI,0.21764943705348944,0.35742473921162426,0.5215682536985027,99.47000122070312,8.516267,0.012,1.535372,91.47,0.021866688626258565,0.3901600372851206
IT,0.2278335972492795,0.28530094983910986,0.6891163782171483,341.95001220703125,60.629436,0.0,1.347826,325.01,0.0,0.3898214019685877
ADSK,0.23982190332662182,0.3609375839216121,0.5779222575437977,223.66000366210938,32.55604,0.0,1.481208,252.0,0.0,0.3897594564670044
STZ,0.24869030733952874,0.28126175263706377,0.7731668643404181,230.82000732421875,19.644257,0.0134000005,0.98305,274.77,0.04846391880331837,0.38746461915947283
TT,0.22351340155102264,0.2585788216032789,0.7436237831255728,186.3000030517578,26.690544,0.0174,1.193809,0.0,0.05636654917944873,0.38735564790830534
OTIS,0.2700966633040876,0.295515243600232,0.8083123577644786,84.7300033569336,25.675758,0.0173,0.823644,77.62,0.07107660509837047,0.38686465191371766
FSLR,0.29881011778004746,0.5015361078386681,0.5335250515440102,168.19000244140625,51.434254,0.0,1.26787,140.07,0.0,0.3867855284345717
INTU,0.24412684413202262,0.300744715388826,0.707905387007485,423.760009765625,43.240818,0.0074,1.182756,520.48,0.020803602888372772,0.3865453588694003
VLO,0.22911439710611725,0.398144331599033,0.4970216612581759,131.72999572753906,23.90744,0.0309,1.629697,137.13,0.047622377826173054,0.3852968274557782
TMO,0.23950749756114517,0.2434113421977531,0.8556686622996156,587.760009765625,29.881037,0.0023999999,0.859248,625.33,0.011474978554581738,0.3835054893778171
DHR,0.2551890723295925,0.2770743594480773,0.8083065960396892,269.8500061035156,29.719164,0.004,0.865512,307.74,0.016679789282761124,0.38253671977379194
LOW,0.22944139780313474,0.2839533187548447,0.6980490972180725,215.97000122070312,19.386894,0.0217,1.168017,240.6,0.06542799639938518,0.38144846601229143
CSX,0.20523232074801478,0.2828220857983522,0.6152429017790263,32.27000045776367,6.506048,0.0139,1.242446,32.73,0.03955705554917074,0.3806499685272098
AJG,0.20905311506025834,0.20922961106049934,0.8499039603653419,193.49000549316406,37.138195,0.0115,1.0,198.69,0.054963539537789145,0.37989264094543973
DVN,0.1564881822977391,0.5097861917873815,0.24571113208131382,60.849998474121094,23.225191,0.081,2.434045,80.65,0.06527822665973301,0.37940215686477463
CRL,0.22872528019355134,0.31201712728833614,0.6329692280539575,250.35000610351562,23.507044,0.0,1.292188,270.17,0.0,0.3786833737513042
ALB,0.24271839033725243,0.38685231855495805,0.5466953154966481,287.2300109863281,58.026268,0.0056,1.442151,306.17,0.010037650904895421,0.3783600731247514
MA,0.24031371066572307,0.2740731559542972,0.7628827053253954,373.9100036621094,35.815136,0.0061000003,1.0,402.69,0.022256832409435965,0.37831762760119503
MAR,0.20854212997667404,0.3200782502964696,0.5539710674442848,174.42999267578125,37.837307,0.0077,1.568165,171.42,0.015340616187067621,0.37716756691874453
MS,0.21887275935017117,0.31169761598488177,0.6020088371963443,99.43000030517578,14.347764,0.038399998,1.33235,0.0,0.0924654302660818,0.3770126013735686
MPC,0.2265089829262806,0.408880598146043,0.47759894653228524,118.19999694824219,41.041664,0.020499999,1.602063,126.07,0.031295201068072806,0.37385367753292553
DXC,0.18116435064215072,0.47104015927510184,0.31830897577534045,28.889999389648438,8.398255,0.0,1.943625,33.99,0.0,0.37242094145850824
SWKS,0.2408872969876676,0.3855883808251148,0.5437385238237238,112.4800033569336,10.376384,0.0296,1.217391,125.88,0.06305763607510391,0.37020499051548805
ULTA,0.24195978545484498,0.38827617220097055,0.5427367439677216,520.760009765625,43.073616,0.0,1.354458,483.54,0.0,0.3696162551299659
NUE,0.21644230814611706,0.33438090869935255,0.5539020420523065,176.6300048828125,36.4938,0.0148,1.450994,123.05,0.030503847785785423,0.36958134545268173
TTWO,0.2779435770167637,0.35228012907934425,0.7003390672851605,109.27999877929688,17.973684,0.0,0.782977,161.11,0.0,0.3684646813051197
TXN,0.22886493523679433,0.27326210086381164,0.7232502956604757,182.2899932861328,23.251274,0.031400003,0.998157,172.86,0.11512017201728071,0.3674999059531029
PH,0.1936430124542166,0.3002113662849872,0.541002076203198,350.0,20.503809,0.0191,1.52616,317.44,0.04168753055095042,0.36739220663495753
MKTX,0.27781795443354274,0.3135603596103293,0.7864192870098359,345.8999938964844,37.679737,0.0117,0.647752,274.55,0.05760443818387034,0.36627592729325487
MTCH,0.24894392576547936,0.44601729860079625,0.4881332774630882,48.45000076293945,17.180851,0.0,1.315274,74.95,0.0,0.3652668852916702
TDY,0.22046504443164666,0.2670372832616174,0.7086538708230141,433.5799865722656,32.8221,0.0,1.058216,484.0,0.0,0.3638783517047351
CMG,0.23185870881068263,0.3493084542268237,0.5743653392544663,1692.969970703125,52.576706,0.0,1.290714,1808.57,0.0,0.3636777882178907
APH,0.19242705518423942,0.2350453858695874,0.6858208026233678,81.62000274658203,32.51793,0.0114,1.240235,84.32,0.039106517056372345,0.3635516411130326
NOC,0.23724543490872185,0.23882054215009,0.8626452023754624,440.6400146484375,17.28,0.012999999,0.586219,520.79,0.09285637999687762,0.3613477320035275
DPZ,0.25402500693773167,0.2858620018978787,0.7793864363375018,359.6199951171875,24.02271,0.013300001,0.687546,373.68,0.06766958032651287,0.35996984610755456
HD,0.20967302631381302,0.23826860184760698,0.7489236304567898,331.5,23.952312,0.026199998,0.960206,351.03,0.11451701689519711,0.3589917638818447
LMT,0.21904505749913966,0.22106551454820536,0.8495988978142704,459.0799865722656,16.45448,0.025899999,0.671333,456.35,0.17451821086722488,0.3587303527953854
V,0.2138624046690069,0.25211695474289414,0.7244033423337809,230.1300048828125,32.596317,0.0077,1.0,248.98,0.030541381113588208,0.3579475333057076
LNC,0.1392913404166501,0.44083361483536193,0.24513398431008637,35.27000045776367,3.2687674,0.0344,1.776713,57.0,0.04392041744222816,0.35752890982476404
AON,0.20778854482800055,0.22365682102258613,0.7894259787226907,313.6400146484375,25.29355,0.008,0.878039,303.08,0.04073746804697632,0.3574905223539756
MMC,0.1944586333324524,0.19889428073137455,0.8206902317049068,171.8800048828125,28.17705,0.0153,0.888725,173.93,0.08655690890966813,0.35733783813235376
EFX,0.1819843071277014,0.2738700516859012,0.5504664208643099,225.99000549316406,26.967781,0.0094,1.486735,184.94,0.023086055975837228,0.3571751949363688
FCX,0.18044031796143895,0.5376885608885147,0.2775068856228412,43.15999984741211,13.078788,0.018,1.945836,36.38,0.017204239270487292,0.3555970729422484
ETN,0.2332086615710001,0.34724895598173483,0.5816594063061327,163.24000549316406,24.960245,0.0222,1.14112,159.16,0.056024850795704115,0.35506095390883574
EW,0.2260766642836475,0.32135682911283986,0.6063310520810167,82.12000274658203,32.587303,0.0,1.141857,111.62,0.0,0.35462760225299783
PGR,0.23215647822315094,0.21729409090491458,0.9246843178852715,136.30999755859375,22.832497,0.0032,0.443994,122.69,0.03316843349582476,0.354173947614868
CTVA,0.28477222723658097,0.3722356556598969,0.6811389059246883,61.5,34.550564,0.0091,0.696382,69.6,0.03510555831463679,0.3540407123204415
PTC,0.22331722827009418,0.32114095055521474,0.5981460413060211,130.5500030517578,34.175396,0.0,1.148857,142.15,0.0,0.35202568574792104
OKE,0.1987923755033881,0.42834161111750846,0.39119322325931993,68.55999755859375,20.344213,0.064,1.641488,67.0,0.09102317830702517,0.35161443785177077
GNRC,0.21449105705051516,0.4133855020835367,0.4433223132707776,122.44000244140625,11.060525,0.0,1.375829,192.9,0.0,0.3515752154813789
NSC,0.1881892593751398,0.27616895060450364,0.5683521592030134,252.1199951171875,19.05669,0.0223,1.328297,241.84,0.060790374878033744,0.35108976354583676
TYL,0.22566237362349054,0.2933928356488052,0.6627098892830191,332.57000732421875,48.1288,0.0,1.0,447.84,0.0,0.34952868070032994
IQV,0.21704193204322572,0.28018866743716797,0.6631741881232741,237.17999267578125,24.079185,0.0,1.0,257.53,0.0,0.34946173260524205
STE,0.21836024803097132,0.24578600568891726,0.7613623383976473,219.02999877929688,31.289999,0.0109,0.815033,237.5,0.05441193277017262,0.34934771037164725
DFS,0.19640258573036953,0.3626512516790543,0.4554638787854202,119.0,10.162254,0.0235,1.397199,115.82,0.04637889694777827,0.34869464182724874
EA,0.2413726697443127,0.3175427936655444,0.6617836522891153,113.91999816894531,18.553745,0.006,0.844509,149.94,0.022374055284746636,0.34827346025135514
NKE,0.20928155416630576,0.28186997312715484,0.6316867036126048,127.61000061035156,32.388325,0.013300001,1.109432,110.52,0.04253066479529075,0.3480963824315846
TMUS,0.26297422177326885,0.2881961250000809,0.804126640422261,145.19000244140625,43.21131,0.0,0.507737,173.73,0.0,0.3477145568552007
ACN,0.1848014274019743,0.24132053708568307,0.6363875584828773,289.2200012207031,30.833689,0.0161,1.213706,307.18,0.05496903260438979,0.347535237062414
HPQ,0.22708916824295755,0.34740362332951913,0.563785507967888,30.510000228881836,9.0,0.0367,0.990051,30.24,0.10670239161791541,0.3475290079372786
AVY,0.2091457039725632,0.2666771558719777,0.6671649973038387,181.1999969482422,19.89023,0.0178,0.989683,197.55,0.06744318587271622,0.3470293393458318
PWR,0.22376873145464646,0.3235574033890692,0.5950742880356275,152.42999267578125,31.299793,0.002,1.095431,151.67,0.005642786610805711,0.346832141950821
FRC,0.20533232584796193,0.29373355066320855,0.5927286326693679,144.5,18.741894,0.0093,1.142962,140.86,0.02770113742369255,0.34617936953232303
MRO,0.12809352606589258,0.523625509423048,0.1849900058887183,26.030000686645508,72.30556,0.0106,2.414517,32.21,0.008384068189656993,0.3452625032262235
IEX,0.19231834656913843,0.2241700189250251,0.7186077217077639,229.83999633789062,33.406975,0.0109,0.98784,228.8,0.04922235198045079,0.34465149134628076
DRI,0.21632117454573682,0.35362257667008873,0.5234200154708424,147.4199981689453,20.94034,0.0349,1.2056,141.92,0.08186197219667228,0.34295553366595183
MNST,0.22892160248817947,0.30078377179470644,0.6572613984935037,101.80000305175781,33.486843,0.0,0.903831,100.58,0.0,0.3422686758716197
ITW,0.18388817992220102,0.22971583789273306,0.6645607953215947,246.72999572753906,26.702381,0.0252,1.097273,198.94,0.09997580482688043,0.3420735178038591
DE,0.20649900737635574,0.28320814867964955,0.618876851528638,406.05999755859375,22.140676,0.0115,1.058216,397.14,0.03837229473703898,0.3418796218526249
ROL,0.19739008767964983,0.2386908266695108,0.6961392274847517,35.68000030517578,52.47059,0.013099999,1.0,38.5,0.05488270824139438,0.34173454840140555
BBWI,0.17947769657804946,0.4860708944435694,0.30499595486686926,46.849998474121094,11.289156,0.0239,1.727339,0.0,0.028465623813347843,0.34118805550704967
HWM,0.2165130401206651,0.43868480279013206,0.4223647569917441,39.86000061035156,28.47143,0.0046,1.4042,41.54,0.007467517919475247,0.34017405715739757
ROK,0.17674013748624803,0.28606959437475554,0.508659781931893,289.9599914550781,29.467478,0.0186,1.432203,241.52,0.045397994190276535,0.3401094685694672
AZO,0.21940269671778026,0.25089776123111424,0.7500053240818021,2398.510009765625,27.581762,0.0,0.731392,2395.79,0.0,0.3400927815378809
COST,0.20178003456146756,0.20986201265893317,0.8126863571274717,514.7999877929688,46.842583,0.0072000003,0.721812,565.17,0.047530740793382896,0.3398781080822561
BSX,0.22347108899206825,0.27843843511123756,0.6904328740427893,48.5,26.216215,0.0,0.824244,48.95,0.0,0.33987538563788994
ADI,0.2041892136679201,0.2994277152616619,0.5776391591624513,178.82000732421875,26.61012,0.0216,1.144067,187.91,0.06305365931000906,0.3395450762120157
PHM,0.1878611175908375,0.3641648900327846,0.43011581259933246,58.79999923706055,6.8055553,0.0154,1.298452,49.58,0.03256842442347296,0.3391866775208663
A,0.19872139465381777,0.2583322458924213,0.6483641021312071,154.5500030517578,35.447247,0.0061000003,1.040162,146.65,0.02270127517139125,0.33869190486009265
DOV,0.17485469797958222,0.264030906900494,0.5439766869394247,159.61000061035156,21.028986,0.015800001,1.326455,143.14,0.04511384321265807,0.33837886844289783
AOS,0.18659746518000414,0.26936376917604454,0.5768014965821984,69.05000305175781,23.171143,0.023,1.208548,58.33,0.07065204738991439,0.33814525764146053
WM,0.18317377934555126,0.18533342128590033,0.8198507225359848,151.05999755859375,27.717432,0.0163,0.752763,174.75,0.11683570864938629,0.3380490098601727
TEL,0.17547002379201568,0.2649362766621202,0.5444402918884953,133.88999938964844,19.835556,0.0188,1.3084,0.0,0.054234530543869286,0.3375459739241012
CHTR,0.20427014387196715,0.2944428468283815,0.587693352858344,406.29998779296875,14.3823,0.0,1.038688,521.64,0.0,0.33744852416566257
ISRG,0.1915511356134186,0.32469435505442285,0.4937661931089212,254.67999267578125,16.118986,0.0,1.285187,254.84,0.0,0.33545523480545225
SHW,0.19251922724058876,0.2602174408978225,0.619832347477746,241.72999572753906,23.583414,0.0109,1.060427,255.55,0.03950111180097908,0.33474931947923864
CTLT,0.19402160260627066,0.37890113828992933,0.4296465387957312,56.04999923706055,16.933535,0.0,1.39462,121.77,0.0,0.33421299202322274
SCHW,0.22021600106157874,0.3267654505027937,0.5783596790191353,79.0199966430664,23.10526,0.0121,0.992999,87.5,0.03729069071413511,0.3337358739641432
RF,0.19540647989729612,0.34705822827875205,0.47305733310892895,24.0,12.182741,0.0376,1.247236,24.16,0.086863407459775,0.3334549733944269
PFG,0.1892563015029924,0.31612922874183547,0.49988500632380684,92.30999755859375,13.475912,0.0317,1.239867,74.15,0.08087597127744577,0.3334331481007081
FISV,0.19706198696652205,0.24622490608214115,0.6735059812225481,106.5999984741211,16.60436,0.0,0.874355,123.12,0.0,0.3327127188646961
NVR,0.2125334028138341,0.30766786525770123,0.5892892410708337,5281.33984375,14.466254,0.0,0.946204,4800.0,0.0,0.332570228784577
LDOS,0.218386459966446,0.2815608388958598,0.6647175108092003,98.05999755859375,13.7146845,0.0148,0.757184,116.17,0.06942054782850896,0.3324380414347372
BAC,0.17359472017508062,0.3065094596197118,0.46447728026885704,36.43000030517578,11.713827,0.024500001,1.356669,40.96,0.058918043700434436,0.33243355545958064
BLK,0.17628182947942875,0.27516130398030814,0.5271591149879479,757.1599731445312,17.844921,0.0307,1.273397,620.58,0.0876167609984653,0.3321201085361828
SYK,0.19398717374126928,0.25082647645706274,0.6488913612550431,283.1400146484375,27.436049,0.012200001,0.97126,238.48,0.05007846236940066,0.33118753847744264
GPN,0.20259654387177034,0.3131462998489801,0.5472474174536814,113.05999755859375,12.262472,0.0083,1.040899,157.54,0.02546374149021684,0.33114758053796933
HUM,0.22932916156783986,0.29875434414102847,0.6630903464958,476.57000732421875,19.372765,0.0058,0.732129,554.86,0.026517107835019878,0.33081932162524236
ILMN,0.2257667100765596,0.4025749352038658,0.4832359222359547,214.25999450683594,29.758333,0.0,1.123065,253.47,0.0,0.3285578460575324
PKI,0.18265682108107717,0.2667242685258173,0.5677352942939272,141.75,22.716347,0.0021,1.145173,167.58,0.006875205154555096,0.32819700187561085
BA,0.19429468741765862,0.38904397754704995,0.4191470806245753,206.00999450683594,39.46552,0.0,1.419675,0.0,0.0,0.3280119746389718
PYPL,0.18701694495576554,0.38697583190993395,0.4025804510649248,85.5199966430664,14.873043,0.0,1.398305,119.86,0.0,0.3273022099895073
MSI,0.19322606752899693,0.24745084100762277,0.6546675164856955,256.44000244140625,26.824266,0.013200001,0.915254,286.91,0.058283200797310836,0.32652787266859884
ZTS,0.208130100017128,0.25498692926097183,0.6937691297965866,167.8000030517578,33.830647,0.0086,0.760869,226.45,0.044327235015655976,0.32481757540819356
MAS,0.17826997135034744,0.29297448098295437,0.5018933077815153,55.38999938964844,13.987373,0.024600001,1.209285,54.12,0.06943471628602092,0.324740757842633
LEN,0.1674850814576436,0.3661966156592928,0.3720871128699249,104.80999755859375,9.275221,0.0189,1.449889,95.0,0.03559694461859071,0.32471169183271464
RJF,0.19623778230913624,0.3034173235205406,0.5438375778953362,111.87000274658203,11.951923,0.0127,1.0,118.11,0.041856542179735626,0.3236201156104412
PAYX,0.18097846150088462,0.23334417683702338,0.6417576968772454,118.58000183105469,36.94081,0.0274,0.991156,126.79,0.1184708709052476,0.3233704365743531
ABBV,0.21196703607275064,0.2714054544318718,0.6659372283318643,145.1999969482422,10.506513,0.0367,0.647383,158.66,0.20887487451919545,0.32294507510849246
VRSN,0.19068825406200957,0.2573029343408129,0.6197372543624212,217.72999572753906,35.34578,0.0,0.974944,203.4,0.0,0.3224443620161045
LLY,0.2407635729652408,0.2573141021058822,0.8143181087089398,339.0799865722656,39.15473,0.011,0.32756,0.0,0.1305083305745694,0.3211093479292665
LW,0.2552108234427877,0.3296128777224306,0.6795328659372509,98.12000274658203,31.754047,0.0115,0.511422,92.57,0.0682204002626656,0.3209525946831951
NCLH,0.10850244077708289,0.5681807871190017,0.13600319217879236,16.56999969482422,31.264153,0.0,2.330876,19.69,0.0,0.3209365616020403
RSG,0.17519937815759232,0.18493357119295914,0.7785029902068632,123.08000183105469,30.019514,0.0147,0.707442,155.13,0.11235974339158367,0.32070682016127006
KDP,0.20316497081460724,0.22608683677207358,0.7604906737392383,35.150001525878906,20.085714,0.021,0.568672,41.03,0.16333609634743923,0.3205051460435912
VICI,0.21042257177243023,0.34733600901013156,0.5159111843568267,34.5099983215332,16.671497,0.050300002,1.0,37.7,0.14481654851551193,0.320390045925236
HES,0.1838982626547384,0.43451253346907437,0.35135976732732066,137.57000732421875,51.71805,0.0106,1.542372,144.41,0.015816647093742378,0.3203254066197391
FLT,0.17904101198661004,0.3155126972936348,0.46848501901908157,218.1999969482422,14.924761,0.0,1.236919,242.64,0.0,0.320309959393862
EL,0.19064118971721278,0.2736564052689986,0.5825303068140252,269.5400085449219,37.697903,0.0117,1.031319,288.42,0.04145598372178275,0.3202638911096677
ADP,0.19052445470715357,0.2340780222572754,0.6805270019661688,225.30999755859375,34.503826,0.0177,0.829034,249.35,0.09120954409306528,0.3200674863772245
LHX,0.20228744630962608,0.25129173714147274,0.6807203780802505,210.9499969482422,15.956883,0.0179,0.701915,0.0,0.10148229940586417,0.32001307494757636
CNC,0.24477179098837315,0.3465056785666484,0.6162777818749641,71.01000213623047,12.264249,0.0,0.577745,101.95,0.0,0.319723513791642
AME,0.16225668302118962,0.2385333581309999,0.5493095139967397,146.3800048828125,30.495832,0.0070999996,1.220338,145.06,0.02439096971649999,0.3195823175847955
ANSS,0.17230132638567014,0.28865677771016124,0.48872327721014497,275.2300109863281,35.837242,0.0,1.29882,289.41,0.0,0.3193581052366902
DAL,0.19879129670578252,0.4044431286144824,0.4143061035196002,39.58000183105469,9.9198,0.0,1.166912,48.13,0.0,0.3191097658652147
ALK,0.17314517805387733,0.3963153510470019,0.358091448349692,53.470001220703125,11.002058,0.0,1.424465,62.27,0.0,0.31881579586210196
IPG,0.19181575158353265,0.3008666664784533,0.5337504266222639,39.11000061035156,16.713676,0.0385,1.033898,32.9,0.12376816728176182,0.3180140095944115
HLT,0.18181896219166843,0.2981555545647244,0.5050750183650794,146.82000732421875,37.840206,0.0046,1.206337,145.41,0.012789285391081274,0.3178435682575129
SYF,0.14763953670377458,0.3856224048590189,0.301879494662905,37.04999923706055,6.8994412,0.026199998,1.545689,39.78,0.04395587029740602,0.3177524221269735
CFG,0.17615217271290937,0.37599364169570504,0.3854430411776961,44.439998626708984,10.631579,0.0388,1.335193,44.82,0.07728712957519816,0.31749587568698456
SBNY,0.1367589616319163,0.37540091993053576,0.2811152451549771,138.92999267578125,9.170297,0.014400001,1.708179,219.12,0.02245607299230114,0.31722997429246064
UNP,0.16672648707362825,0.2518821150288032,0.537943899128741,210.2899932861328,19.435305,0.026600001,1.154753,216.43,0.09145242425105339,0.3167178745013276
ATVI,0.24414204446402943,0.3241124238895108,0.6569140482636097,75.23999786376953,17.914286,0.0064999997,0.51658,94.78,0.0388221935011404,0.31627610602884715
XYL,0.1832497320853052,0.273356229421965,0.5561303373715981,105.25,33.842445,0.0121,1.062638,95.77,0.04165537540332665,0.31502447201252126
CE,0.16440078649328282,0.3123075866849101,0.4264153423637517,125.44999694824219,9.823805,0.0292,1.257553,126.09,0.07434880960626432,0.3135974720154532
HII,0.21023690087212396,0.27138604117063836,0.6596096840711473,216.97000122070312,14.871144,0.0188,0.619012,252.91,0.11191061315308962,0.3123904517088697
BKNG,0.17800606478037545,0.3195656495674234,0.45930476252632324,2455.070068359375,26.034676,0.0,1.236182,2328.76,0.0,0.31216424708051665
FDS,0.1938826067769768,0.2485931450427439,0.6543002895545235,427.55999755859375,36.05059,0.0085,0.782608,427.18,0.043690346986732825,0.3116099207119298
TSCO,0.19961946384239088,0.28446439849331195,0.5919595729379475,228.55999755859375,29.683117,0.017,0.864038,229.0,0.06916528286781598,0.311343283374098
PKG,0.19563674985993687,0.28111893542330374,0.5848368400304783,144.4199981689453,17.69853,0.043,0.851879,127.3,0.17955621568002575,0.31127401646991126
HAL,0.11348504048331713,0.44865547444136084,0.18334112737953073,38.56999969482422,27.35461,0.013200001,2.103537,43.76,0.013986557573133397,0.31107582760164204
GWW,0.1687385186773244,0.27769396620587944,0.49518713194198727,675.8099975585938,29.679842,0.012999999,1.207442,572.0,0.038771320886896166,0.3108894660739496
CRM,0.1989324250307266,0.3499900300256876,0.4791690352555988,171.0399932861328,41.214455,0.0,1.103537,220.18,0.0,0.3105063859428794
LYB,0.1667883612111066,0.3576059467380661,0.3790773684089767,98.1500015258789,7.953809,0.0577,1.260501,87.4,0.1280052807301447,0.31040493944329095
SNA,0.1698185060036633,0.26187202177079427,0.5292297553295937,259.6600036621094,18.481138,0.026300002,1.085851,230.89,0.09249035464288599,0.31016214848014534
GD,0.17322906802668217,0.22263926077072285,0.6378076694149514,231.5399932861328,18.85505,0.020499999,0.848563,266.61,0.10850955871041057,0.30963960574507743
JPM,0.1674361104626335,0.26834829461525583,0.507579415265828,141.08999633789062,11.796823,0.0321,1.06927,137.46,0.11187133238897431,0.30911465539967514
DOW,0.17449156088507586,0.40914501999098757,0.3501534025612527,60.0,11.952191,0.0585,1.337859,49.43,0.10687306191146247,0.3077956946172107
GS,0.14418333230565392,0.2800565809035245,0.40333025543265344,369.95001220703125,10.429941,0.0298,1.355932,383.86,0.07847522534811076,0.3075264811279741
KEY,0.165310470130026,0.35251694942422546,0.38035739942373353,20.020000457763672,10.214286,0.044099998,1.284819,20.57,0.09736808223188352,0.30678903398247526
ICE,0.17009358321844134,0.2302417605948923,0.6031292623258464,107.66000366210938,20.428843,0.0162,0.908621,126.43,0.07743693357644285,0.3063248237181564
ACGL,0.1685183899639508,0.250757132076762,0.5475032707252512,61.2599983215332,15.953125,0.0,1.0,0.0,0.0,0.3062965778243812
HON,0.1558477870153069,0.22550755251521143,0.5526189505899629,202.69000244140625,22.322687,0.021,1.087693,204.25,0.0856153959768758,0.3061764785108272
EOG,0.16258978165028456,0.4019862342710002,0.3267816916523735,124.62000274658203,21.673044,0.0223,1.501473,149.69,0.03694674258971383,0.3060265822154456
ROP,0.16054638337200047,0.22885570384768883,0.5650649785151362,430.3399963378906,26.712599,0.0064,1.047162,493.0,0.026705724171878685,0.30548949113359386
NEE,0.198617996455492,0.22491550275374916,0.7442348544756412,74.66999816894531,27.452206,0.0225,0.493367,92.8,0.2027650176040223,0.3047780581367845
PLD,0.17728960252730191,0.2523261029059385,0.5788602956686989,131.6199951171875,62.379147,0.028800001,0.964996,136.74,0.1182782280017346,0.30412266005895394
SEE,0.1629193127057011,0.3010634103527375,0.437420384486998,55.02000045776367,14.830189,0.0171,1.21518,63.21,0.046740948421550334,0.30394773804762665
ROST,0.19344922917909513,0.3154349775998506,0.5142777456678987,115.31999969482422,22.880953,0.013300001,0.953942,100.64,0.04419975419505334,0.30371525838778574
CBRE,0.18926793049699447,0.3193082002551763,0.4949446659260755,87.13999938964844,20.359812,0.0,1.0,95.86,0.0,0.3034461718509718
GLW,0.1752056869485722,0.29184539458845293,0.4933353399575247,35.7400016784668,14.891666,0.033299997,1.033529,37.56,0.11039990073248993,0.3030531422293201
CI,0.20271694601594747,0.2914674001125501,0.5883639335153339,292.5899963378906,12.81042,0.014199999,0.682756,314.43,0.07135637864211397,0.302919150330708
PNC,0.15893949591955991,0.2781767089512778,0.4591019011145486,165.38999938964844,12.169978,0.037100002,1.148857,177.69,0.11608796375479326,0.3026097116293155
RHI,0.1534344304388146,0.3054390360997162,0.4001007598933041,87.05999755859375,19.17621,0.023,1.351879,74.0,0.05570131827906,0.3023548567780738
FITB,0.16667387552024165,0.34189150656083017,0.39616613143884283,37.63999938964844,11.653251,0.0372,1.225497,39.98,0.08878556760363522,0.30228245670121856
BIO,0.18018041416523684,0.2798215964119086,0.5323119304620546,470.8800048828125,37.46062,0.0,1.0,703.75,0.0,0.3018915331071501
PRU,0.14136708909297743,0.32001128438116694,0.34417239164463487,101.86000061035156,8.045814,0.0475,1.372512,99.33,0.10814642475288018,0.3016268693484761
BRO,0.17217754436153693,0.2180084109737687,0.6465324146794341,58.38999938964844,27.672987,0.0081,0.787767,67.78,0.04716436432348761,0.3013992197411789
PXD,0.15927401650455325,0.4206219476932175,0.3044205781760688,220.0,15.884476,0.0767,1.479734,282.22,0.12323094563839576,0.30108543340191185
VRTX,0.2745857123001783,0.43110836315164097,0.5644930442240997,301.0199890136719,23.796047,0.0,0.419675,314.1,0.0,0.30056372230607087
EXPE,0.15237419572765945,0.41827578737763943,0.2896322459708696,118.69999694824219,20.118643,0.0,1.564848,142.19,0.0,0.300539375386803
EXR,0.20202828488552121,0.2471081511712824,0.6911963206462244,163.1300048828125,36.740993,0.035,0.553426,209.92,0.25593012835807544,0.30003951758435077
CMA,0.1664211875272428,0.3573611133145588,0.3783096215452026,75.38999938964844,14.305503,0.039,1.271186,85.43,0.0858515644054748,0.29997175195879655
MCD,0.14903220200932663,0.199456638821835,0.5906254247085533,264.2300109863281,27.610243,0.023699999,1.0,283.0,0.11882281351973481,0.29988487445719225
UAL,0.19738506949843077,0.4938602878095404,0.33644541504068093,51.119998931884766,21.56962,0.0,1.244657,52.35,0.0,0.29971961833566496
GRMN,0.17066454425140565,0.2718940488682429,0.5128339691051323,101.54000091552734,17.094276,0.0344,1.0,0.0,0.12651987104237758,0.2995988887412132
LUV,0.1820820229539104,0.34012058308549364,0.4435308842268788,36.349998474121094,11.725806,0.0,1.027634,48.2,0.0,0.29956698512780433
APD,0.17896271231356778,0.24144882757865527,0.6118674246666258,285.0199890136719,27.379442,0.025999999,0.801031,287.82,0.1344308382489379,0.2992626918589524
STX,0.19360878268234535,0.38909207180064076,0.417332437375657,70.88999938964844,10.564829,0.052399997,1.0,0.0,0.1346724870478682,0.2992016158873916
SBUX,0.17895653789206267,0.258996604224599,0.5703877791761096,104.30000305175781,28.972223,0.0247,0.883935,96.55,0.10789033780421006,0.29885248854607727
JKHY,0.17945104644584306,0.21279028453707163,0.6965684865456361,180.6999969482422,40.425056,0.0101,0.646278,195.0,0.07344296576353206,0.29861444719733277
HOLX,0.16999922599107822,0.2754887882308197,0.5037271639547387,84.68000030517578,20.114014,0.0,1.023949,76.27,0.0,0.2980832619241807
WYNN,0.1208131645055625,0.4915024173628882,0.18226792248954457,102.95999908447266,57.2,0.0,1.971997,83.73,0.0,0.29755637024719367
TGT,0.17359877376061755,0.2927872260147324,0.4862600588975626,176.75999450683594,18.336098,0.025899999,1.01658,191.89,0.08701739163482634,0.29661684472604544
AXP,0.16611344992535143,0.30112042100580244,0.4479450761943257,178.86000061035156,19.654943,0.014199999,1.135961,168.38,0.041513053913750896,0.2964173975664236
INCY,0.23832260966336613,0.41625285062632167,0.4975210844983238,83.61000061035156,18.621382,0.0,0.662122,85.94,0.0,0.29561806313028377
WRB,0.18125188287327038,0.22683391658756127,0.6613818829915549,66.87000274658203,14.92634,0.0057,0.592851,79.36,0.042385890067412856,0.29558655003917494
WHR,0.11769124190791205,0.3470800783041697,0.2491160032466591,154.97000122070312,6.671115,0.051999997,1.562638,143.33,0.09587717973539743,0.29491261745105846
TFX,0.1655552625995506,0.2684161994132475,0.5004437992153508,258.4700012207031,17.346981,0.0066000004,1.0,256.15,0.024588681362851684,0.2943957748436751
GL,0.15631212492181248,0.24275743411497006,0.5152636638445139,120.16000366210938,15.78975,0.0073,1.0,119.11,0.03007116971150188,0.29387524023368816
HPE,0.1592982876276222,0.35400758571242846,0.3617726082779985,16.329999923706055,8.505208,0.0341,1.172439,16.26,0.08215832081319949,0.2927625694528525
MAA,0.15956562501061716,0.2346283822749683,0.5469823547006967,173.0500030517578,68.12992,0.0325,1.0,191.17,0.13851691634608912,0.29211485125471587
RMD,0.22037271922225177,0.29328658808804653,0.6449141792028673,224.60000610351562,40.836365,0.0075,0.479366,254.29,0.05334599654988307,0.29200339101389006
LKQ,0.14623079340109424,0.3322148583080431,0.34616980707172107,57.47999954223633,17.107143,0.0187,1.374723,65.22,0.040945610931278346,0.2915126809817722
NDSN,0.17714842490732607,0.28280519933604664,0.5159749016484475,248.64999389648438,33.556004,0.0117,0.93294,268.43,0.044345010101043615,0.2910233780306782
TJX,0.1768462925081658,0.2675003789264284,0.5443665279964927,80.5199966430664,27.670101,0.0166,0.862932,77.05,0.07191295126511539,0.29081767028381655
STT,0.12006777169108236,0.3202752969141761,0.27738552599218685,91.08000183105469,11.356608,0.0349,1.576639,77.0,0.06911458734037652,0.2907857833104017
QCOM,0.15544700170603795,0.34585732695559923,0.3591624407822513,135.02000427246094,15.75496,0.0254,1.283714,178.07,0.05720954034942637,0.29062180397466114
HIG,0.1743381787530683,0.2933494665817875,0.48784864150734214,74.7699966430664,11.209894,0.0222,0.878039,82.71,0.08618940153300711,0.2903840995858065
UHS,0.15568630436395553,0.33255213001449263,0.3742518935731725,148.41000366210938,12.115103,0.0073,1.197126,117.71,0.01833678796261245,0.28891445113128134
MLM,0.19059504315407433,0.31979247936345917,0.49834506263890727,360.6300048828125,27.6769,0.008,0.86588,401.57,0.028891097000072977,0.2887807769282562
HBAN,0.15741291653091533,0.32113775848077386,0.3929306760239782,15.449999809265137,11.115108,0.0416,1.126381,15.53,0.11500497895101766,0.2879242208385884
KMX,0.1341212521009271,0.3627103521899285,0.28367873010916606,78.19000244140625,12.236307,0.0,1.476787,76.43,0.0,0.287819872836122
WAB,0.13248349047097557,0.31086230598584436,0.3257244398146702,105.52999877929688,21.985416,0.0066000004,1.473102,101.27,0.014412624717586902,0.287793772733248
JCI,0.14499163812836746,0.25465472876430006,0.44673664096543614,65.72000122070312,21.064104,0.024600001,1.164333,0.0,0.08296715021241474,0.2877712731468507
UPS,0.14218757236085397,0.23966024587161777,0.46298680852582214,191.66000366210938,16.886343,0.036,1.116801,191.7,0.13450260822010346,0.2872151385373447
AWK,0.18502462028916272,0.2209567956266847,0.6960482019062603,156.61000061035156,33.971798,0.0184,0.49521,155.58,0.16815936316562444,0.2871301867563091
COP,0.16312083468741598,0.37578017379573087,0.35098390998368995,108.11000061035156,34.320633,0.0152,1.285187,129.94,0.03147338114370891,0.28610329768709075
XEL,0.13945107250536076,0.20401093083978095,0.530476637039186,67.9800033569336,21.444796,0.0312,1.0,68.36,0.15293298193175137,0.28514713563811067
JBHT,0.14816165073554,0.2596044439411051,0.45042992703094176,197.88999938964844,25.969816,0.0094,1.125644,190.43,0.03216730451108768,0.28443245902307956
CMS,0.13826066446900956,0.20461525485667237,0.523092105472504,62.75,20.506536,0.0325,1.0,64.65,0.15883468719263086,0.28350174135194617
ZION,0.14971753340287997,0.33081193275084475,0.3581778094379746,54.40999984741211,12.56582,0.0325,1.207074,58.84,0.08138948470611077,0.28311792029001426
QRVO,0.14744701587953973,0.4385519173877858,0.26500619716259105,106.87999725341797,10.296724,0.0,1.366249,109.91,0.0,0.2827733009537573
CAT,0.16092974817738137,0.2845607756971921,0.45579615765863746,247.75999450683594,21.12191,0.0226,1.013264,0.0,0.07838099821820287,0.28241934626977233
YUM,0.15203653929878583,0.24541466808040938,0.49226274961268196,127.01000213623047,26.9089,0.020299999,1.001105,131.84,0.082625836585726,0.2820138047348308
DG,0.2024675204551589,0.25936014634869753,0.660238216517258,228.08999633789062,21.257223,0.0087,0.389093,267.0,0.08621098207132503,0.28159927020975484
TRMB,0.12329706075085121,0.34426919974989634,0.2674332203505206,60.29999923706055,22.669172,0.0,1.57406,76.33,0.0,0.2813637287055618
AMT,0.15265365022292482,0.24291857845536696,0.4998613568414049,222.05999755859375,40.01081,0.0299,1.0,262.33,0.12308650985084588,0.28129774559482
PSX,0.13851192311844976,0.344299763837681,0.311600222806974,98.80999755859375,14.552282,0.0379,1.358511,112.21,0.0810287848148709,0.28117065507053696
COO,0.15983778059151652,0.25907917938323255,0.4964109462730537,354.489990234375,24.481354,0.0002,0.93294,353.8,0.000827453827019737,0.28066456233306153
WAT,0.16572094760662137,0.26059406766216914,0.5161011868725134,341.3900146484375,32.0554,0.0,0.879882,343.07,0.0,0.28030810956560454
FDX,0.12775209309989546,0.3069270885244984,0.31448528564122247,214.6699981689453,10.880385,0.0291,1.323876,191.46,0.0716160659019947,0.2775424061639039
SYY,0.15758232195803387,0.2924041407621079,0.432122067883411,76.72000122070312,23.826088,0.0235,1.03574,91.38,0.07759497453727573,0.2771837347720133
AIZ,0.1765101571945097,0.2560078839575394,0.5674907934646493,133.6300048828125,11.238856,0.020599999,0.571112,184.33,0.14089402428507727,0.27665984280120826
ABT,0.16425099975348278,0.23355283251562425,0.5695626052847977,111.79000091552734,20.663588,0.019199999,0.709285,117.32,0.11590316402387646,0.27664538212663603
OXY,0.11871049316795204,0.4735799967915834,0.18472581985385703,61.2400016784668,-58.323814,0.0072000003,1.836403,75.45,0.008278872051676253,0.276511579531183
LIN,0.151294634974778,0.2241425965390878,0.5356705812926549,323.6000061035156,31.326235,0.0162,0.86588,329.04,0.08347047932780587,0.27575385881327963
TROW,0.1215352850451222,0.2820892021934833,0.3201371918835134,125.81999969482422,9.791439,0.044,1.301031,92.18,0.11988878784089955,0.27532418774054623
MET,0.1487354473287424,0.30068750749781925,0.3907957743650351,0.0,9.97,0.028199999,1.014369,77.44,0.09245656186605197,0.2740239590790031
AES,0.16491499744827065,0.311552140789664,0.429099787647699,26.239999771118164,15.619048,0.0248,0.924097,29.0,0.0861397051122548,0.27349203399014155
COF,0.15270100849490412,0.34495338608123516,0.35214313991994817,121.44000244140625,7.623352,0.0235,1.0,126.91,0.0681251466088402,0.2730143106673843
ADM,0.160579771572348,0.25201309101432334,0.5132738583439557,82.27999877929688,18.742598,0.017,0.792925,100.08,0.08507338421933072,0.27290803670020103
AFL,0.14918145316415427,0.2506773974471854,0.47053868586124026,69.38999938964844,13.552734,0.0255,0.885777,62.15,0.11484196212967054,0.27203333378363437
FAST,0.13573838379015624,0.2686708417052906,0.38899027200932923,54.20000076293945,31.695906,0.026600001,1.180545,47.57,0.08386457894805784,0.27003170948272576
GPC,0.1466516375633794,0.24931796426593192,0.46295740424875453,168.2899932861328,26.172628,0.0209,0.955784,157.22,0.08770673778454972,0.2691372708179489
CSCO,0.14277533601938006,0.25387110354179476,0.4393855561697522,48.630001068115234,14.219298,0.0342,0.951731,54.82,0.141546332033245,0.2685032712200939
ALL,0.15368084203113025,0.22687156178604292,0.53974504813597,131.3300018310547,10.582595,0.0277,0.647752,140.8,0.18849114202365116,0.2684635869006524
LH,0.1361885796071796,0.25957199617682525,0.40436002788774916,249.33999633789062,15.574016,0.0125,1.066322,292.92,0.04516102668122786,0.26844039820183796
DTE,0.13006898760721458,0.2191965812825835,0.45092376457072175,112.76000213623047,15.176312,0.0324,1.0,124.53,0.14781252431227757,0.2683976790009045
CBOE,0.17341341428558582,0.24599740513099583,0.5779954232266434,124.26000213623047,25.567902,0.0161,0.576639,137.23,0.11349881785942685,0.26779199961768074
EBAY,0.12280825328146253,0.29426291536620147,0.31121901029646853,50.65999984741211,11.085339,0.0228,1.260869,49.05,0.06145105544221919,0.26777667658577753
DGX,0.13726333725473186,0.2354434334837888,0.45036421569086993,142.80999755859375,17.89599,0.0185,0.968312,144.14,0.08114650734755054,0.2667113997269212
ALLE,0.14369661142180942,0.26334595510856307,0.4270753708034171,122.93000030517578,21.604568,0.0159,1.0,111.92,0.06037685292506317,0.2665206813830092
DLTR,0.184637067509418,0.3197765116587919,0.4797382606977362,149.91000366210938,21.726088,0.0,0.689756,165.19,0.0,0.2664473087661143
ATO,0.16127604969277357,0.21365392654422635,0.6086853249177886,117.19000244140625,21.66174,0.025999999,0.547162,117.0,0.22240601274945362,0.26632415847299906
NTAP,0.1373160785724518,0.32859866863835346,0.3228498734271182,67.62000274658203,14.993348,0.0296,1.195652,87.92,0.07533921954058781,0.2661324628172042
C,0.0845433102491108,0.3214194930399225,0.16587441461818517,50.95000076293945,6.175758,0.045,1.582903,56.47,0.08844758917905582,0.26612152669693806
VRSK,0.1459294528678419,0.22613164042789355,0.5072329226310851,180.11000061035156,30.321548,0.0070999996,0.850773,199.57,0.03690483706480478,0.2660845802688289
AAL,0.1502899513840009,0.5054910138461238,0.23553714730526273,17.020000457763672,-94.55556,0.0,1.450626,16.18,0.0,0.26519984661557516
EMR,0.11191519749089297,0.2678690907080772,0.30121861870426014,91.38999938964844,21.811455,0.024,1.396831,98.73,0.06414233614694502,0.26505391622250274
AAP,0.1296405870200914,0.32317221061223633,0.30452045007029876,152.1699981689453,13.039417,0.0319,1.237656,204.67,0.0797547802029438,0.26482809258220213
VMC,0.17399780642220175,0.3110068345104617,0.45905668488825263,183.52000427246094,30.586668,0.0099,0.783345,196.83,0.04063611548945037,0.2636835367650898
PCAR,0.14462355476414948,0.25077979635443465,0.452171651856852,110.18000030517578,15.672831,0.0159,0.872881,97.22,0.07263560172341174,0.26279514417903416
CMI,0.13794201575009638,0.26605397721404833,0.40109896823681757,256.1099853515625,15.0387535,0.026300002,0.99742,245.71,0.09910782690578293,0.2622317760684072
DD,0.1304913142446001,0.3033213332476269,0.3272545098874508,72.9800033569336,17.97537,0.0233,1.201547,91.78,0.06393110358441738,0.26197759474684507
MCK,0.17403958593710847,0.2800834933745924,0.5098891913343427,362.5799865722656,19.235012,0.0056,0.61938,386.85,0.032280729060273086,0.2613333372519306
ARE,0.13942888007874316,0.2311087916508823,0.4681814106317243,167.7899932861328,53.951767,0.0332,0.938098,177.18,0.15313462761504087,0.26086753698878984
TSN,0.15810314387645985,0.2846720105501895,0.4456887195794444,64.02999877929688,9.97352,0.0271,0.725128,88.35,0.13128340947827963,0.2607552164645352
CF,0.17077188447757483,0.4007314197353866,0.34822286851248013,85.93000030517578,36.257385,0.015,0.995578,116.21,0.037597812080700295,0.26010443355428836
TXT,0.15358600309976003,0.3368299113996796,0.36326335329623166,74.44000244140625,19.74536,0.0011999999,1.0,0.0,0.0035626286721789687,0.2595746341525905
EXPD,0.13867645228904957,0.235247606875454,0.456746037598145,117.02999877929688,25.777533,0.0139,0.909358,102.14,0.06497625765652883,0.2593819280279628
SBAC,0.17865301661231048,0.25643202284781963,0.5749086053326518,297.7699890136719,84.3541,0.0111,0.500368,349.72,0.08650898031550372,0.25671598703805104
ORCL,0.13877459712033074,0.25611003230226415,0.41992325001608366,89.62000274658203,18.670834,0.017,0.925939,87.54,0.07168692532431559,0.25667774284726896
EQIX,0.17786499654761048,0.26741275426124866,0.5483543855582663,733.0,80.726875,0.0223,0.552689,731.14,0.15088356086424648,0.2563497650690366
CME,0.17386637554886553,0.2434791150999283,0.585833965661015,176.5500030517578,24.151848,0.0232,0.439204,208.38,0.21695016434752695,0.2563013207336834
KR,0.17606600425514304,0.28184299472193375,0.51389591713571,44.41999816894531,15.370241,0.0228,0.506632,53.46,0.15967428675120235,0.25448754326909157
NTRS,0.12421612941435008,0.2833627626787557,0.32815917144882417,98.16999816894531,13.374659,0.0365,1.11717,95.37,0.11530040201875047,0.2544105512732334
DIS,0.11621516940142795,0.26603240989670696,0.31946156274788584,110.70999908447266,22.41093,0.0,1.233971,0.0,0.0,0.25432121413910386
IRM,0.15723177370014133,0.2905722441868305,0.4336399509131518,55.529998779296875,38.83217,0.0502,0.837877,55.43,0.20619081748495163,0.2542819459149963
ABC,0.17110757771937948,0.2613793251116524,0.5351591510360961,156.72999572753906,17.03587,0.0117999995,0.497052,174.17,0.09082573708600425,0.25403075368721306
EMN,0.08929273607805376,0.2983819408771803,0.1945985601981002,90.19999694824219,9.955849,0.0401,1.492262,96.64,0.09005892488718863,0.25288097366972084
AMGN,0.15730670938780555,0.2525840823824363,0.4991552444808088,245.1699981689453,13.812394,0.0298,0.575165,254.85,0.20512464166594488,0.25048065271972303
TFC,0.12172600189855731,0.29966940868902464,0.3019926601791702,50.09000015258789,10.306584,0.0471,1.09322,51.85,0.1437708789763029,0.24998860453937355
RE,0.15810066318083918,0.24815852778516517,0.5112563502006066,342.3900146484375,11.397803,0.0219,0.510685,0.0,0.1728071903156973,0.24991734297170112
WY,0.0983885270832779,0.31316304600559025,0.21445853189152855,35.27000045776367,26.125925,0.0233,1.5,37.8,0.049601424981209466,0.24974120126582047
BDX,0.142934714991567,0.2135472092648745,0.5231006079726904,245.83999633789062,18.387434,0.0150999995,0.625644,277.82,0.11302011599570558,0.24952887258490059
J,0.13719325623662615,0.27328027951248185,0.3877528829794192,125.55000305175781,15.273723,0.0081,0.889462,153.67,0.03332340159165369,0.24818778910233855
PPG,0.11208152861243618,0.260031169765032,0.3109376798606751,130.72999572753906,14.838819,0.022,1.162122,129.52,0.07280237515937966,0.247918661849028
BK,0.11603745617348091,0.26716941525528537,0.3174368447009704,50.22999954223633,11.0883,0.0355,1.078481,47.77,0.12320522175624044,0.247391227049571
CMCSA,0.11686487637154948,0.24404528814861415,0.35090551031315204,39.970001220703125,10.831979,0.0343,1.0,43.88,0.14054768383445543,0.2470773869748436
CB,0.14237469176778117,0.22785999329595857,0.4877848461497023,209.83999633789062,16.561956,0.016,0.655121,0.0,0.1071841038818462,0.24633228344725738
F,0.09295681916577364,0.3390428910465503,0.18206775839183878,13.229999542236328,7.828402,0.0468,1.378776,14.91,0.10011461815751635,0.2463175594350837
GM,0.12215565837229413,0.3432789414322268,0.264879686469221,41.130001068115234,6.4976306,0.0097,1.0,48.32,0.02825690372829077,0.24483421743391284
WTW,0.12359279261916895,0.22807744868502228,0.4049710006730476,252.38999938964844,148.4647,0.0155,1.0,0.0,0.06795937121081046,0.2441377180158538
TPR,0.10999498527839598,0.41367279262130113,0.19040881268752857,46.11000061035156,15.630508,0.0378,1.382461,45.26,0.06609703119550676,0.2441208446131315
KIM,0.10740467919619665,0.3295370016594529,0.231162627621036,22.530000686645508,40.232143,0.0429,1.383935,23.3,0.09406702594240463,0.24329951468299385
WMB,0.12935172969297962,0.4176396392647677,0.23494821964572452,32.08000183105469,26.081303,0.0529,1.226971,37.45,0.10323326471343798,0.24203093730968073
BWA,0.09192343885152496,0.3291331042247018,0.18440988790920257,47.61000061035156,9.796296,0.0184,1.385408,45.38,0.04035232530540012,0.24180037664210974
INVH,0.14037567355016292,0.27609051900969733,0.39533278414420825,33.41999816894531,87.947365,0.028299998,0.899778,42.0,0.11391988592899606,0.24150628106521319
CINF,0.16074800948121407,0.2699177133470713,0.4798498323095681,115.11000061035156,26.102041,0.0279,0.572218,105.2,0.1806389092212851,0.24122800727057375
CVX,0.11937290034037557,0.29004564301044333,0.30389996357560184,169.4499969482422,27.025518,0.0325,1.129697,181.41,0.0991870650210176,0.24083655607997848
AIG,0.11176059894232519,0.3186216232164492,0.2527529617579571,58.75,11.67992,0.0234,1.159174,64.75,0.06335661708924673,0.23947169677758248
MOS,0.09085714743497139,0.4311725052620792,0.13829524543659685,50.439998626708984,21.193275,0.0112,1.566322,65.31,0.01658387117682417,0.23915677863159446
REGN,0.2129558862882417,0.34807467350650334,0.5220944243465807,783.1300048828125,19.30318,0.0,0.171333,776.39,0.0,0.23839111516684902
FMC,0.1430699620353252,0.3010281271326446,0.37153312916770576,127.38999938964844,15.844527,0.0179,0.79882,132.94,0.07443839912887612,0.2383462619800063
UDR,0.1233234678105405,0.24651520096932095,0.3735892450208864,43.380001068115234,433.80002,0.0385,1.0,50.35,0.1561769815760423,0.23684062484300947
AEE,0.14975917023178786,0.21576393873430577,0.5493556102695579,85.30000305175781,21.166252,0.0294,0.425939,92.31,0.3199050250273679,0.23679361117863995
CCL,0.04361396872455335,0.5245941465277789,0.023610497395547415,11.800000190734863,49.166668,0.0,2.059322,29.73,0.0,0.23652908034124254
FTV,0.1219863681807849,0.2741521323775248,0.33105096575198306,69.08000183105469,24.238598,0.0045,1.0,75.07,0.016414244022013354,0.23545467956446306
EXC,0.13819279249192307,0.24523486496508096,0.436172697193419,40.900001525878906,13.409837,0.0358,0.625276,44.25,0.23346890877619214,0.23377296007324905
ECL,0.11287583509280064,0.24691040661994137,0.33067782041377375,153.2899932861328,24.965797,0.013300001,1.027266,175.3,0.05243597704585685,0.23331104158368807
BKR,0.09738271374974443,0.3944750799914524,0.1677030492190738,31.3700008392334,25.92562,0.0272,1.421886,32.87,0.048493614194982534,0.23213494346261826
NI,0.1494475940061071,0.2321899163937562,0.5091502501400027,27.309999465942383,19.507143,0.0373,0.449152,30.33,0.3576614548551457,0.23172170166120676
MHK,0.0922597505162281,0.37839278907187307,0.16129194922473997,125.26000213623047,8.626721,0.0,1.29882,119.77,0.0,0.23145404489610277
FIS,0.12125912665480695,0.2722706638096587,0.3306675989283474,75.38999938964844,10.243206,0.0229,0.847089,109.0,0.09929001812494823,0.23099712006726486
SPG,0.08743812075155782,0.3595093610143709,0.15635220345506132,129.80999755859375,28.404812,0.066300005,1.486735,121.69,0.12404229489994728,0.23070406157442627
HSY,0.15178368791997648,0.21127266356860308,0.5706164057830919,236.27999877929688,32.500687,0.0178,0.344141,236.85,0.2448162708939677,0.23058294119036224
PEP,0.12540848238767321,0.18260755242973395,0.5157532705536555,169.1199951171875,25.741247,0.025799999,0.568901,183.68,0.24835005270650543,0.23051462666702657
WDC,0.1104656983680443,0.43389498155063816,0.18261943959487117,43.25,5.255164,0.0,1.0,71.09,0.0,0.22981454081759028
NRG,0.12527684372976533,0.37598977760602637,0.2501365976871657,34.43000030517578,5.9259896,0.0324,0.833087,44.4,0.10343764283683733,0.22972407876246237
MRK,0.14695401269714536,0.2121273437279698,0.5455495301506792,102.94000244140625,14.198621,0.028199999,0.328297,104.59,0.4049351948818589,0.22950248733797396
JNJ,0.12025004829421672,0.17740549097596667,0.50179962192961,164.61000061035156,15.827886,0.026199998,0.558953,183.8,0.2642158755914335,0.22901617477106367
TRV,0.13198911300338312,0.22799046851907828,0.4419530064727754,182.75999450683594,14.882736,0.0211,0.607221,178.82,0.15241193664734207,0.22854564708165762
PNR,0.1117990658234278,0.28561888820902287,0.28209277871785615,59.369998931884766,18.324074,0.0201,1.051952,50.53,0.06689801159768564,0.22842789203442454
LNT,0.13324039085169018,0.20713755325480565,0.49248602802584107,53.34000015258789,19.467154,0.0336,0.518054,57.63,0.3131161036530847,0.22719651643902827
WFC,0.10114851471095501,0.29580657823384554,0.23637227790600585,47.58000183105469,13.327732,0.026400002,1.131171,53.04,0.0788983406622545,0.2259721170850514
SRE,0.12659454935793363,0.2320017050397667,0.4110595193571846,155.89999389648438,18.27667,0.031,0.692336,163.53,0.19299835288444794,0.22568569101749975
ZBH,0.10256553841605506,0.26806962868772977,0.26611555651056323,129.4499969482422,14.828179,0.0086,1.075902,124.05,0.029817973444333724,0.22558391337215244
CHD,0.13824129393270185,0.2051540116345017,0.5216239891477955,82.9000015258789,25.351683,0.0137,0.435887,82.11,0.15320277673053648,0.22492316739058354
MDLZ,0.1256070566657591,0.2148796972798805,0.43921793387762814,65.91000366210938,21.125002,0.0255,0.64333,70.5,0.1844637328558739,0.22444756983337988
SLB,0.05783074094397289,0.38258396886525814,0.06953428035324256,52.63999938964844,33.10692,0.0134000005,1.750184,0.0,0.02001217708180293,0.22388165965595389
LVS,0.1117027176613503,0.3834572367192033,0.20986610751081017,58.08000183105469,23.901236,0.0,1.167649,47.71,0.0,0.222957248426504
CAH,0.1246363277437942,0.28320882436358935,0.3298212474821579,78.66999816894531,12.627608,0.026500002,0.783345,70.92,0.11944997131648098,0.22245522573912765
IVZ,0.07653825591717944,0.3695457393216937,0.12261057590897181,20.040000915527344,6.7702703,0.0498,1.297715,0.0,0.10384409809067552,0.22210366117433616
HSIC,0.12375744475470528,0.24947406823757015,0.37089788695934206,86.76000213623047,20.70525,0.0,0.757921,81.55,0.0,0.22150978567376217
PEG,0.12448463424685563,0.2168334683917093,0.430083948498891,60.849998474121094,17.385714,0.0385,0.612011,68.69,0.2901183406356454,0.22096390462934734
IFF,0.10005477760209541,0.2634270922752423,0.2612743321630026,113.33000183105469,17.197268,0.033800002,1.068533,163.99,0.12007935559981724,0.2207653094480967
CPT,0.12182461997574294,0.23372358281684544,0.38762275885740644,121.73999786376953,77.05063,0.0317,0.792925,154.25,0.17105060564131666,0.22032505760246268
OMC,0.11438542951291256,0.25686770996227104,0.3237362513602312,91.70999908447266,14.307332,0.0392,0.84193,77.45,0.18125941264617884,0.22011181167859772
CTSH,0.1027644036804821,0.28832886557029436,0.24810683989183108,68.22000122070312,15.539865,0.0175,1.049373,73.69,0.05783890198152025,0.21881099449472255
USB,0.09986806083238312,0.2652575525612096,0.2587674513897366,49.29999923706055,11.281465,0.045300003,0.98784,51.58,0.17287964606451384,0.21819971468312882
WEC,0.14128519743423,0.21485810614498382,0.5122318138917451,93.55999755859375,21.808857,0.033,0.353721,95.77,0.43421153092295717,0.21763164755598063
O,0.1247893290668662,0.260237648205321,0.35952249690947435,67.58999633789062,44.467102,0.048699997,0.788135,70.1,0.23744235693347984,0.21761037100674133
CCI,0.12792799567115354,0.23636439718243277,0.4091138802189314,145.97000122070312,47.087097,0.048899997,0.675386,161.47,0.30631955172924163,0.21757282196476957
MKC,0.1260134712856122,0.21549186483704488,0.4398561930077926,74.54000091552734,23.588608,0.0191,0.571112,80.72,0.1551962425107963,0.21656784326968398
HAS,0.12009717323442756,0.30820541517779004,0.2883438410351197,61.72999954223633,12.0097275,0.0424,0.806927,89.25,0.1704870296581426,0.21506322201724856
EVRG,0.12813477116780334,0.22609855275489565,0.42860394280637526,61.63999938964844,17.66189,0.0385,0.536109,65.78,0.3176214682380314,0.21472289056572966
WELL,0.11253087070743753,0.3167889160685282,0.2566467025494357,75.81999969482422,77.36735,0.0404,1.02616,81.6,0.12427858660194062,0.21279584566372184
NWSA,0.084589585196111,0.29935603335145083,0.17825445040963486,21.170000076293945,33.078125,0.0117999995,1.285924,23.2,0.030653401345632443,0.2125843746025144
HST,0.09827304563515177,0.33399490176399305,0.20073661390282893,19.06999969482422,953.5,0.026500002,1.221444,21.56,0.06495797961428776,0.21163799913773265
REG,0.10110994937089485,0.29652998295965255,0.23566557647616881,66.80999755859375,58.605263,0.0434,1.104642,66.79,0.13249502310123618,0.21156495276490928
XOM,0.09783346183021052,0.26868439979234227,0.2478946373047633,111.91999816894531,26.711216,0.0332,1.048636,109.88,0.11783406747608671,0.2108467497729303
MDT,0.10696107465862298,0.2263798825518967,0.33453959694064983,87.0999984741211,15.227273,0.0319,0.768238,105.47,0.18342438328715469,0.21034658484040872
AEP,0.12590729130847006,0.20266978644348302,0.4671601671649895,92.11000061035156,18.495983,0.0381,0.412306,98.06,0.4559490455995264,0.20842943781472528
DVA,0.0833558674421376,0.29702791216721064,0.17549807715899995,85.4800033569336,8.904166,0.0,1.091746,100.38,0.0,0.2084135453128236
AKAM,0.13000196808612524,0.32316746452488726,0.3056431693614343,89.33000183105469,15.166385,0.0,0.688282,107.64,0.0,0.20814487600467002
MTB,0.11209954020589404,0.3048289270921247,0.2653012658054379,159.02000427246094,13.487701,0.0291,0.838614,198.22,0.11383470938672327,0.20779974723118066
EQT,0.10939705644206212,0.47985305367084824,0.16290198811872475,31.260000228881836,62.52,0.0154,1.167649,63.05,0.02748527877348583,0.2072428021723512
CNP,0.10537339794355181,0.26203561252801394,0.2829590880185617,29.200000762939453,20.137932,0.025999999,0.878776,31.06,0.11291062845416974,0.2070876229486352
ETR,0.11728798754297852,0.23041548054762148,0.37349898255187824,108.08000183105469,17.155556,0.0385,0.610537,120.71,0.27367623538571556,0.2060555210679263
SWK,0.08810813697353215,0.3181394099018019,0.1787898487548247,93.81999969482422,7.7601323,0.0404,1.0,100.0,0.12698835398126254,0.2055847947150916
MO,0.10527651537225913,0.22088514856747898,0.33523519285135633,46.90999984741211,9.672165,0.082200006,0.644804,48.83,0.5771352618657363,0.2048435899854677
INTC,0.10765328939538264,0.30934788054565,0.24705276553483574,30.31999969482422,6.6056643,0.0533,0.706705,34.27,0.24380460265607437,0.20418474352131716
FFIV,0.08220331335654699,0.3020674574658765,0.1687546013395557,152.39999389648438,13.070326,0.0,1.138909,176.74,0.0,0.20404531410005516
PFE,0.10934290791852201,0.22060894162506456,0.3540874968569595,44.060001373291016,13.943038,0.035099998,0.637067,0.0,0.24974618988037586,0.20353972956425423
ES,0.12092799426782048,0.22014780549155838,0.4074533201604876,80.3499984741211,19.59756,0.0342,0.510316,86.97,0.3044195645540625,0.2031916132608604
RTX,0.11011571586193186,0.26067159130316087,0.3026324252417124,96.4800033569336,19.334671,0.0249,0.750184,104.35,0.12733208388825717,0.2009468548599812
BMY,0.12704366358741911,0.24339643029139024,0.39366075943870826,74.44999694824219,9.34128,0.029000001,0.364406,80.58,0.32696275892498144,0.2001049257330758
CVS,0.10216076110198245,0.24588556997033859,0.28847858423045863,85.7699966430664,10.588888,0.023699999,0.707811,118.39,0.13617518611719906,0.1984449219626842
IP,0.08195293604096596,0.28787875441950794,0.17620229095756018,41.36000061035156,8.0,0.0557,0.969786,35.59,0.1995122975732815,0.19819552621199504
AVB,0.09347092750246386,0.23908625559097263,0.2603365356756802,180.25,56.8612,0.0369,0.944362,220.55,0.16343055383502172,0.19675630784021347
AMCR,0.09626735590979471,0.2570268638791201,0.2530448177049031,12.029999732971191,17.691175,0.0418,0.84593,12.57,0.19224866715423441,0.19464071309230954
DISH,-0.009834891059055948,0.39989008669605025,-0.10268554390173468,15.079999923706055,5.4836364,0.0,1.828666,36.31,0.0,0.1938841939893814
WMT,0.11190676481026614,0.20588362126060802,0.39186567791083776,141.7100067138672,24.223932,0.016,0.506263,152.67,0.15350481264772597,0.19320911593265486
SO,0.10793722187548499,0.21159995066370138,0.3625198476683962,67.2699966430664,18.896067,0.0414,0.541267,68.63,0.3614708074406615,0.19118349357777872
HRL,0.13431471484034613,0.21072959381864886,0.4891893586375977,45.2400016784668,24.063831,0.0227,0.171702,46.22,0.6273717707251134,0.19047665772970848
RL,0.057852096635659045,0.37093529958614935,0.07177547316506022,125.88999938964844,18.789553,0.0321,1.351879,114.02,0.0640131275177901,0.18911325572162968
ESS,0.098858722983195,0.24616732226375015,0.2747346088303869,230.33999633789062,51.878376,0.0397,0.807663,291.23,0.19967786176626062,0.1889977540517645
EIX,0.09831655902893698,0.25897496451372437,0.25905407173496037,66.87000274658203,14.107596,0.049200002,0.738025,68.0,0.2574164310529413,0.18894835367227455
CHRW,0.09560031313725548,0.24930729392862389,0.2582045319598443,103.62000274658203,20.559525,0.0227,0.791451,107.63,0.11504475943058369,0.1883140141633846
PSA,0.12222100579546903,0.21795573864452877,0.417483688968762,308.4700012207031,39.046837,0.026800001,0.382461,364.0,0.3214987922549395,0.18797539449574258
FRT,0.07661608433341636,0.28477480116374093,0.15938223520373618,113.04000091552734,66.88757,0.045100003,1.143699,114.75,0.1384724167837071,0.1875444813875122
GILD,0.13037716741466232,0.2733162278610844,0.36276341217037433,84.5,12.7259035,0.042,0.333087,72.07,0.4613453941206272,0.18676594261411777
JNPR,0.09058494824664856,0.2846508716805339,0.20852529943778117,30.729999542236328,16.259258,0.027999999,0.873249,33.78,0.11264382799974884,0.1866231183348515
DLR,0.1281562284985628,0.2692316713418795,0.3600177795621983,115.20999908447266,70.680984,0.048800003,0.448784,129.47,0.4038837094548321,0.18378968555021086
PCG,0.09137240436123216,0.5868045345810583,0.1024947164219371,15.550000190734863,11.433824,0.0,1.0,16.71,0.0,0.18367710615986815
PG,0.10685404211893744,0.18338090531463846,0.4123984555258969,142.61000061035156,23.927853,0.0279,0.386514,146.29,0.393626983109976,0.18291657207327428
EQR,0.09173854973732944,0.24254284351709748,0.2494837978545596,64.7300033569336,61.647625,0.0402,0.83714,76.71,0.19798828533685295,0.18272427945307068
MMM,0.06543395806420982,0.22236599611306157,0.15382710786669954,117.48999786376953,11.094428,0.050300002,1.0,131.13,0.22620365918908333,0.18150946788642586
VTR,0.07019637867853806,0.35165754828264445,0.11081331504073812,52.599998474121094,111.914894,0.0465,1.200073,55.5,0.1101857276801098,0.1790552245846472
BEN,0.045678065088836164,0.3113049628727493,0.046417586668873724,33.27000045776367,10.143293,0.0498,1.257921,21.55,0.12717154016949364,0.17763211244187901
KO,0.09022765372826182,0.18141330436833777,0.3252220885312272,59.83000183105469,25.459576,0.0296,0.572218,66.77,0.2851419150663278,0.17523563493841704
PM,0.08650367984120133,0.22575669368872134,0.2448460727511224,102.58999633789062,15.427067,0.0574,0.688282,101.21,0.36940676492141744,0.17401348156596902
GIS,0.11067084770847922,0.20414429711420248,0.38915026693005045,75.4800033569336,20.345015,0.0276,0.308769,77.65,0.43786288944974505,0.17387279515834908
TAP,0.07794876989893373,0.2833514006553514,0.16488617948115145,53.619998931884766,12.858513,0.0304,0.862196,54.0,0.12443490373103952,0.17372511887418615
PPL,0.07254662554072927,0.22604104522718463,0.18279240172934894,28.65999984741211,10.938931,0.035,0.795873,28.84,0.19455256726273762,0.17070241531654817
DUK,0.09880591001091166,0.20108480322617284,0.33606651985860275,100.58000183105469,18.455048,0.0442,0.411569,104.82,0.5340726808107038,0.16861030228885998
ED,0.1060532122645708,0.20404703001232152,0.3667055201235354,92.93000030517578,20.559734,0.0366,0.309137,82.56,0.5802295188889349,0.1670091624712977
CLX,0.11444259074600864,0.22021040019999985,0.37788656065377285,154.77000427246094,20.021994,0.033,0.234708,129.49,0.6384813571845461,0.1662584225838753
CAG,0.09176541816707955,0.2517319856367041,0.24048345711699262,36.45000076293945,13.859315,0.0369,0.561532,36.53,0.26104384292477484,0.16456332814391028
VFC,0.0578502274098456,0.314939902502566,0.08453100799251338,30.6200008392334,10.240803,0.0709,0.973992,34.05,0.23113363887920862,0.16276023382256893
T,0.06465370413853398,0.21241620630162755,0.1573592934657268,19.829999923706055,6.2555203,0.0616,0.653647,20.15,0.4436595064233601,0.1611351717684473
BIIB,0.15043609984992723,0.43631276696822224,0.273216987630274,283.6300048828125,14.055005,0.0,0.16728,295.44,0.0,0.16081925384383008
WRK,0.037470092434019005,0.38326976396522283,0.016286315871099053,34.88999938964844,7.519397,0.0299,1.116433,42.54,0.06987695377140635,0.1602334868540099
KMB,0.09106069654817184,0.1983442310752922,0.30166068470738294,131.25999450683594,16.552332,0.038599998,0.386882,125.96,0.5030245538305372,0.1566335748047757
L,0.06880030319504168,0.2515241245336165,0.14937836786220599,60.099998474121094,20.724136,0.0045,0.821665,0.0,0.02177399303959611,0.15609290843191323
PNW,0.09385740167937624,0.22308001319761392,0.28074842200074934,75.87999725341797,14.8203125,0.052399997,0.377302,67.08,0.6225604011423206,0.15430357733261607
NWL,0.054364708556314575,0.3651985898584832,0.06335366347126471,16.1200008392334,8.484211,0.0584,0.864038,20.05,0.18507634415337693,0.1498300866488445
SJM,0.10059231441203595,0.22133998779426411,0.31338338412790706,149.97000122070312,17.397913,0.0276,0.218865,140.69,0.569734979015925,0.14635496572029677
VTRS,-0.013981713082472848,0.3765649697556541,-0.12005830788256382,12.180000305175781,3.2741935,0.049099997,1.13854,14.42,0.11452314222173489,0.1439352266273308
FOXA,0.051751492643824164,0.3660130559467564,0.05607300700379902,34.599998474121094,13.007518,0.0168,0.890279,38.87,0.05155687374412801,0.14149397120812085
CPB,0.08696664781753033,0.23509989054820551,0.23708478848424527,50.880001068115234,16.62745,0.0287,0.358511,48.12,0.34050773698901843,0.13877968420162265
BAX,0.06336073362996707,0.22880734778192216,0.14043558455278782,46.68000030517578,11.583126,0.0215,0.600957,65.2,0.15635979582478718,0.1371296798337592
WBA,0.053595735207989104,0.29056786516782496,0.07697924614213708,37.09000015258789,7.132693,0.0541,0.654753,38.67,0.28436240951557346,0.13570891704963306
CL,0.06899835996483496,0.18884140951665285,0.20001079248068418,74.29000091552734,21.225714,0.0257,0.505895,79.0,0.26901438453056353,0.13451337192077445
D,0.07039705322992858,0.21662359359334757,0.18081600709301332,60.25,14.623787,0.0396,0.485998,80.07,0.3761447007963507,0.13363787602742108
XRAY,0.03546505902106768,0.28047663003972473,0.015106495775522451,38.439998626708984,12.440129,0.0164,0.94252,41.3,0.062037829202821436,0.13108283236873497
BXP,0.0364268947223399,0.2731189766276477,0.01903512817854419,75.4800033569336,24.99338,0.0553,1.0,90.37,0.2024758611899471,0.1300225919579797
NEM,0.0978994594582279,0.3697345439240465,0.18032239767589636,49.849998474121094,12.716836,0.0515,0.269712,65.51,0.5164365026774488,0.12771259171753868
FE,0.072493653490399,0.256764214946957,0.16071403682434465,39.52000045776367,15.200001,0.0429,0.454679,41.6,0.3674666242717393,0.12701542798125964
K,0.06566764651711601,0.20586252626476717,0.16729419942404763,67.61000061035156,16.252405,0.032,0.435887,73.94,0.35661430782966097,0.12218723418214612
OGN,-0.002434929414305321,0.3521304776015238,-0.09559800003065529,29.760000228881836,5.113402,0.0432,1.0,33.71,0.12268179765139722,0.11877583898566271
IBM,0.03184540008083991,0.2353150716599513,0.002623546729264469,136.94000244140625,11.364315,0.048899997,0.83235,139.96,0.2496623789707927,0.11728135837703912
PEAK,0.04376756873646101,0.2836260652811883,0.04421148221969463,27.6299991607666,74.675674,0.052199997,0.82277,30.33,0.22368964999708005,0.1156813291531218
FOX,0.021931220857138722,0.35398705893373356,-0.026263161046351843,32.29999923706055,13.744681,0.0179,0.890279,51.5,0.05679884654889298,0.10929196165295599
GE,0.010083954346196482,0.3364978924335667,-0.06283571494349764,81.95999908447266,157.61539,0.0044,1.138909,83.83,0.011481041932127666,0.10763464580527533
VZ,0.04967215472914869,0.18199819797900513,0.10134229316400457,41.5099983215332,8.029013,0.0721,0.373249,46.24,1.0613766375711464,0.10733909799443517
KMI,0.02083527767993458,0.31443716126731536,-0.03305195312290055,18.280000686645508,19.869566,0.0626,0.916728,19.88,0.2171700693351498,0.1055456933331517
CTRA,0.11874387735952552,0.42005625371719374,0.20834313640336002,24.260000228881836,-9.861789,0.0863,0.1507,36.6,1.363295774456337,0.09583026996140254
KHC,-0.006023595143730725,0.2880996798459896,-0.1293012028263421,39.380001068115234,14.804511,0.0432,0.730655,42.18,0.2052242185110752,0.05770285774902551
LUMN,-0.11818341085040934,0.3864631281901258,-0.386612434527374,5.260000228881836,3.329114,0.1435,1.073323,8.41,0.3459500520644387,0.030994151926140814
