Symbol,Average Return,Average Volatility,Sharpe Ratio,Price,Forward PE,Dividend Yield,Beta,Target Price
MMM,0.06427569698749189,0.22238005618147488,0.14860890657516201,117.49,11.094428,0.050300002,1.0,131.13
AOS,0.1865426615593387,0.2694172383457875,0.5764836078000253,69.05,23.171143,0.023,1.208548,58.33
ABT,0.1635467518185016,0.23358863809482164,0.5664603933798744,111.79,20.663588,0.019199999,0.709285,117.32
ABBV,0.21221283198076724,0.27145827350410123,0.6667131181904945,145.2,10.506513,0.0367,0.647383,158.66
ACN,0.18615827088052792,0.2413303946866137,0.6419839120864865,289.22,30.833689,0.0161,1.213706,307.18
ATVI,0.24347837848407736,0.3241700423668112,0.6547500100261205,75.24,17.914286,0.0064999997,0.51658,94.78
ADM,0.15726859438489027,0.2518458502884347,0.5004670684321317,82.28,18.742598,0.017,0.792925,100.08
ADBE,0.27967468064810297,0.31648343561481856,0.7850225721014963,379.33,27.749084,0.0,1.22955,368.77
ADP,0.1913526570963733,0.23410990391046682,0.6839719910498604,225.31,34.503826,0.0177,0.829034,249.35
AAP,0.13019787863390053,0.3232316291981989,0.30618859572982715,152.17,13.039417,0.0319,1.237656,204.67
AES,0.16434257032986993,0.31160879736052527,0.4271847632774604,26.24,15.619048,0.0248,0.924097,29.0
AFL,0.15356616674920237,0.25034397367223743,0.48868013461803406,69.39,13.552734,0.0255,0.885777,62.15
A,0.1986000693220382,0.25838329417328876,0.6477664504716305,154.55,35.447247,0.0061000003,1.040162,146.65
APD,0.1790223731075864,0.24149673188118526,0.6119930980517798,285.02,27.379442,0.025999999,0.801031,287.82
AKAM,0.12876047079058148,0.32320786584812755,0.3017637907431723,89.33,15.166385,0.0,0.688282,107.64
ALK,0.17201705231783684,0.3963780679615714,0.3551887041773624,53.47,11.002058,0.0,1.424465,62.27
ALB,0.24320089342194007,0.3869261845073847,0.5478379647466186,287.23,58.026268,0.0056,1.442151,306.17
ARE,0.1385677008967104,0.2311386916063929,0.464395035536758,167.79,53.951767,0.0332,0.938098,177.18
ALGN,0.3393464911138153,0.45467919905770576,0.6776611988367441,343.1,27.295149,0.0,1.764554,245.9
ALLE,0.14369661142180942,0.26334595510856307,0.4270753708034171,122.93,21.604568,0.0159,1.0,111.92
LNT,0.13298825966175404,0.20717718086078116,0.49117484485849344,53.34,19.467154,0.0336,0.518054,57.63
ALL,0.1537419234468819,0.2269165609588835,0.5399071929123814,131.33,10.582595,0.0277,0.647752,140.8
GOOGL,0.20656560602163127,0.2724519990678607,0.6435539714418443,104.78,1.1019034,0.0,1.099484,132.22
GOOG,0.20758960890456968,0.27298413438448793,0.6460506186851548,105.22,1.1119096,0.0,1.099484,132.15
MO,0.10549416757157468,0.2209279694552924,0.3361553892901893,46.91,9.672165,0.082200006,0.644804,48.83
AMZN,0.2605866458704279,0.32805123777062173,0.6991548254317486,103.39,1.457018,0.0,1.0,167.22
AMCR,0.0951802435413395,0.2570549781076549,0.24878803755481615,12.03,17.691175,0.0418,0.84593,12.57
AMD,0.5181034188124856,0.5846932200194617,0.8327022824072425,86.09,31.767527,0.0,2.0549,98.52
AEE,0.14932741718772866,0.21580249901417403,0.5472567636287289,85.3,21.166252,0.0294,0.425939,92.31
AAL,0.14700868218058277,0.5054850981684251,0.22904857651761165,17.02,-94.55556,0.0,1.450626,16.18
AEP,0.12550594773323007,0.2027060902427275,0.4650965722149666,92.11,18.495983,0.0381,0.412306,98.06
AXP,0.16634458637338403,0.30117937030494313,0.44862483855497526,178.86,19.654943,0.014199999,1.135961,168.38
AIG,0.11180501889421007,0.318684905088014,0.2528421572955161,58.75,11.67992,0.0234,1.159174,64.75
AMT,0.15373247855388725,0.24294292453066363,0.504251929939146,222.06,40.01081,0.0299,1.0,262.33
AWK,0.18380828672510757,0.2209672669104522,0.6905106302133948,156.61,33.971798,0.0184,0.49521,155.58
AMP,0.2455218359861451,0.33409525908722265,0.6414152555692487,354.1,15.709848,0.0167,1.422991,322.73
ABC,0.1707643745975314,0.2614290132905491,0.5337446400725714,156.73,17.03587,0.0117999995,0.497052,174.17
AME,0.16119476199671226,0.23855715066943098,0.5448032961399993,146.38,30.495832,0.0070999996,1.220338,145.06
AMGN,0.1572997720801572,0.2526342720092986,0.499028619843301,245.17,13.812394,0.0298,0.575165,254.85
APH,0.19154400223380383,0.23507552590333455,0.6819764057679385,81.62,32.51793,0.0114,1.240235,84.32
ADI,0.20413584519470565,0.2994871665685233,0.5773462922689349,178.82,26.61012,0.0216,1.144067,187.91
ANSS,0.1728529561062583,0.2887088726234332,0.4905457696021062,275.23,35.837242,0.0,1.29882,289.41
AON,0.20797895947650907,0.22370045406905079,0.7901232038970767,313.64,25.29355,0.008,0.878039,303.08
APA,0.11470764870378786,0.5659183875525818,0.14751174470681358,42.04,25.325302,0.0221,3.687177,53.81
AAPL,0.2807734382755522,0.2875880844568355,0.8677181419133762,154.5,29.096046,0.006,1.249815,183.59
AMAT,0.30774869258063814,0.3828896442079397,0.7221941276537255,119.98,17.988007,0.0119,1.512159,109.32
APTV,0.2116524306832598,0.3782505763031648,0.4769970014385684,115.73,23.0998,0.0,1.991893,121.91
ACGL,0.1675589752413255,0.2507886305000615,0.5436089147073684,61.26,15.953125,0.0,1.0,0.0
ANET,0.35637614403244283,0.43577947626493924,0.7461299160415805,131.96,11.729778,0.0,1.294399,142.34
AJG,0.20866127078136917,0.20926752258427825,0.8478775330064497,193.49,37.138195,0.0115,1.0,198.69
AIZ,0.17598323340301325,0.25605333968937566,0.5653321826787316,133.63,11.238856,0.020599999,0.571112,184.33
T,0.06445273381956548,0.2124574657979608,0.15638280208482358,19.83,6.2555203,0.0616,0.653647,20.15
ATO,0.16118002473810034,0.2136961658851389,0.6081156590039587,117.19,21.66174,0.025999999,0.547162,117.0
ADSK,0.24081470980779635,0.36099566973087244,0.5805794567281277,223.66,32.55604,0.0,1.481208,252.0
AZO,0.2194274280564196,0.2509476045510756,0.7499549095073166,2398.51,27.581762,0.0,0.731392,2395.79
AVB,0.0918277650603419,0.23907737119468134,0.2534732783921887,180.25,56.8612,0.0369,0.944362,220.55
AVY,0.20811766112066918,0.26671035807765436,0.6632274141933657,181.2,19.89023,0.0178,0.989683,197.55
BKR,0.09713266726118903,0.39455267411566225,0.1670363213597925,31.37,25.92562,0.0272,1.421886,32.87
BALL,0.12981686558101962,0.2603521759357762,0.3786748669659659,58.97,0.0,0.0167,0.677597,58.5
BAC,0.17324220314843572,0.30656834128004284,0.46323818878763273,36.43,11.713827,0.024500001,1.356669,40.96
BBWI,0.1811349108098802,0.4861392686296353,0.30836198696354805,46.85,11.289156,0.0239,1.727339,0.0
BAX,0.06292106182502795,0.22884859522715215,0.13848903813165234,46.68,11.583126,0.0215,0.600957,65.2
BDX,0.14275160237666668,0.2135888588998722,0.5221412903128422,245.84,18.387434,0.0150999995,0.625644,277.82
WRB,0.18083830874020285,0.2268752253590271,0.6594385460519399,66.87,14.92634,0.0057,0.592851,79.36
BRK.B,0.0,0.0,-inf,0.0,0.0,0.0,1.0,0.0
BBY,0.2781938403321204,0.39625140615435933,0.6232553285670243,90.32,11.361007,0.0535,1.492999,78.13
BIO,0.1791428409494627,0.27985798886151775,0.5285352101505154,470.88,37.46062,0.0,1.0,703.75
TECH,0.2273023265159782,0.2790817426014737,0.7025693787562834,79.16,11.117978,0.0042,1.275239,465.26
BIIB,0.14819177986458335,0.4363418203068145,0.2680553053294325,283.63,14.055005,0.0,0.16728,295.44
BLK,0.17637708359857296,0.2752158161977494,0.5274008071543387,757.16,17.844921,0.0307,1.273397,620.58
BK,0.1151327960313805,0.26720720858579533,0.31400633418989676,50.23,11.0883,0.0355,1.078481,47.77
BA,0.19384398238380934,0.38911867677470124,0.4179083454370497,206.01,39.46552,0.0,1.419675,0.0
BKNG,0.1777104031354801,0.3196277841137581,0.45829045665537643,2455.07,26.034676,0.0,1.236182,2328.76
BWA,0.09212188562183893,0.3291979083115136,0.18497640504439797,47.61,9.796296,0.0184,1.385408,45.38
BXP,0.036239165041679185,0.27317260337250643,0.018344171361159727,75.48,24.99338,0.0553,1.0,90.37
BSX,0.2236904973421596,0.27849289990135423,0.6910856880591658,48.5,26.216215,0.0,0.824244,48.95
BMY,0.12698442870346904,0.2434447232267314,0.39333934800487275,74.45,9.34128,0.029000001,0.364406,80.58
AVGO,0.3656323479860752,0.34658315610244755,0.9648602423511541,597.62,20.600483,0.0356,1.116433,644.8
BR,0.23168159477720277,0.22961024289964518,0.8730166052329572,153.58,24.5728,0.02,0.95689,173.2
BRO,0.17207555721752027,0.21805149285243017,0.6459369545275311,58.39,27.672987,0.0081,0.787767,67.78
BF.B,0.0,0.0,-inf,0.0,0.0,0.0,1.0,0.0
CHRW,0.10536872273590475,0.24743837226121299,0.29963292299464744,103.62,20.559525,0.0227,0.791451,107.63
CDNS,0.3037129220137341,0.30016830217923995,0.9077736724405531,185.85,55.477615,0.0,1.147752,191.71
CZR,0.49732614501975053,0.6202242437056931,0.7514993323071102,54.99,124.97728,0.0,2.772291,71.75
CPT,0.12162313417938354,0.23376915838699958,0.3866852873529908,121.74,77.05063,0.0317,0.792925,154.25
CPB,0.08640358362165493,0.23513987344601914,0.23464988229689476,50.88,16.62745,0.0287,0.358511,48.12
COF,0.15216560307820592,0.34501778192269394,0.35052559439114317,121.44,7.623352,0.0235,1.0,126.91
CAH,0.12576185081176128,0.28324276535708226,0.3337554295458997,78.67,12.627608,0.026500002,0.783345,70.92
KMX,0.13336885695063633,0.3627746328114014,0.28155446306935494,78.19,12.236307,0.0,1.476787,76.43
CCL,0.04300792914794514,0.5246948919916042,0.022450931643325064,11.8,49.166668,0.0,2.059322,29.73
CARR,0.5702973997865096,0.42806122398558066,1.2593277073151303,46.89,20.038462,0.0167,1.125734,44.72
CTLT,0.19402160260627066,0.37890113828992933,0.4296465387957312,56.05,16.933535,0.0,1.39462,121.77
CAT,0.16174663081704227,0.2846056113179007,0.45859458012236776,247.76,21.12191,0.0226,1.013264,0.0
CBOE,0.1729528786852875,0.24604198195128796,0.5760189280181736,124.26,25.567902,0.0161,0.576639,137.23
CBRE,0.1896174367129852,0.3193697393261342,0.49594365782100974,87.14,20.359812,0.0,1.0,95.86
CDW,0.29875137564787624,0.28503599327356144,0.9385598379390727,201.08,25.166458,0.0119,1.120854,209.54
CE,0.1608092744769833,0.3121633530404646,0.4151071329181498,125.45,9.823805,0.0292,1.257553,126.09
CNC,0.24453514469839205,0.34657372518741786,0.6154739647063592,71.01,12.264249,0.0,0.577745,101.95
CNP,0.1048822931938748,0.26208308543610637,0.281033982323103,29.2,20.137932,0.025999999,0.878776,31.06
CDAY,0.3036825142530181,0.4815613263199197,0.5657731619373777,76.2,119.0625,0.0,1.442876,0.0
CF,0.17154411488090066,0.4008036180572175,0.3500868469371695,85.93,36.257385,0.015,0.995578,116.21
CRL,0.22874398692201345,0.31207912211171474,0.6329034303585005,250.35,23.507044,0.0,1.292188,270.17
SCHW,0.2190960769428032,0.3268112160403022,0.5748518647089382,79.02,23.10526,0.0121,0.992999,87.5
CHTR,0.20494100341873134,0.29449372316741806,0.5898698334080847,406.3,14.3823,0.0,1.038688,521.64
CVX,0.11933384653685061,0.2901032512594466,0.3037049952391453,169.45,27.025518,0.0325,1.129697,181.41
CMG,0.2262206492227399,0.3489231916099268,0.5588410685136946,1692.97,52.576706,0.0,1.290714,1808.57
CB,0.14248973266256262,0.2279049809866572,0.48819333472503906,209.84,16.561956,0.016,0.655121,0.0
CHD,0.13721158138200362,0.20516896997339548,0.5165671075967619,82.9,25.351683,0.0137,0.435887,82.11
CI,0.2039752723467217,0.29149819129368776,0.5926185393666373,292.59,12.81042,0.014199999,0.682756,314.43
CINF,0.1598455204042372,0.26995628111611214,0.4764381842802062,115.11,26.102041,0.0279,0.572218,105.2
CTAS,0.27880097291523276,0.2568018959782813,0.9640619356717333,442.42,43.37451,0.0101,1.380619,443.55
CSCO,0.14230942341598643,0.25391728047331114,0.4374707511622952,48.63,14.219298,0.0342,0.951731,54.82
C,0.08427351427113242,0.32148223104412993,0.16500281867712635,50.95,6.175758,0.045,1.582903,56.47
CFG,0.17615217271290937,0.37599364169570504,0.3854430411776961,44.44,10.631579,0.0388,1.335193,44.82
CLX,0.11333605602525287,0.2202263936004593,0.3728345848498779,154.77,20.021994,0.033,0.234708,129.49
CME,0.1780819891055045,0.24316278315623505,0.6039326709667953,176.55,24.151848,0.0232,0.439204,208.38
CMS,0.1381005607029271,0.20465528811909572,0.5222074723351131,62.75,20.506536,0.0325,1.0,64.65
KO,0.08981711340438758,0.1814447138213174,0.3229031707578152,59.83,25.459576,0.0296,0.572218,66.77
CTSH,0.10545172574047149,0.28826107201730644,0.25748771843107376,68.22,15.539865,0.0175,1.049373,73.69
CL,0.06870555050022617,0.1888766669402787,0.19842318859764957,74.29,21.225714,0.0257,0.505895,79.0
CMCSA,0.11821312683281415,0.24405658822622606,0.35641359846407544,39.97,10.831979,0.0343,1.0,43.88
CMA,0.16559588964861624,0.35742260726960834,0.37593550861493513,75.39,14.305503,0.039,1.271186,85.43
CAG,0.09161977091087165,0.25178158613757623,0.23985761565435978,36.45,13.859315,0.0369,0.561532,36.53
COP,0.16341125232157333,0.37585372379823884,0.35168791462683624,108.11,34.320633,0.0152,1.285187,129.94
ED,0.10593647456845644,0.20408724239916326,0.366061267210904,92.93,20.559734,0.0366,0.309137,82.56
STZ,0.2472985698805447,0.2812832545033456,0.7681599470534244,230.82,19.644257,0.0134000005,0.98305,274.77
CEG,0.7645299675838131,0.46395288253769024,1.5805525845181096,83.2,0.0,0.0061000003,1.0,92.71
COO,0.15774639467797053,0.2590463517954072,0.4884004495985102,354.49,24.481354,0.0002,0.93294,353.8
CPRT,0.2374164980454521,0.26610708887647727,0.7748326394526142,68.64,19.066668,0.0,1.170596,149.71
GLW,0.1734329431459484,0.29184961604280285,0.48725403541683165,35.74,14.891666,0.033299997,1.033529,37.56
CTVA,0.28477222723658097,0.3722356556598969,0.6811389059246883,61.5,34.550564,0.0091,0.696382,69.6
CSGP,0.2572865070934521,0.31742785793789996,0.7121569876309887,76.58,5.2777395,0.0,1.0,89.82
COST,0.20315795627175953,0.20985853585953843,0.8192657762207732,514.8,46.842583,0.0072000003,0.721812,565.17
CTRA,0.11706805604937996,0.42010633894219535,0.20432925690024245,24.26,-9.861789,0.0863,0.1507,36.6
CCI,0.12878222428638073,0.23639594965976649,0.4126728246932574,145.97,47.087097,0.048899997,0.675386,161.47
CSX,0.20563789754171405,0.2828753808891286,0.6165607519440979,32.27,6.506048,0.0139,1.242446,32.73
CMI,0.1354457609329034,0.265989875602981,0.3918108563433442,256.11,15.0387535,0.026300002,0.99742,245.71
CVS,0.10313092133290455,0.24591531613262085,0.29238878842295407,85.77,10.588888,0.023699999,0.707811,118.39
DHI,0.2189182579382131,0.35747327216574365,0.5250468568093396,99.47,8.516267,0.012,1.535372,91.47
DHR,0.25570312482250823,0.27712465445733353,0.8100148478952055,269.85,29.719164,0.004,0.865512,307.74
DRI,0.21538074742027427,0.35368035669065867,0.5206755307225075,147.42,20.94034,0.0349,1.2056,141.92
DVA,0.08199718903952294,0.2970559010080772,0.1709077277138577,85.48,8.904166,0.0,1.091746,100.38
DE,0.207331822722366,0.28325219617835995,0.621720802536112,406.06,22.140676,0.0115,1.058216,397.14
DAL,0.19498761057168812,0.40434484026686957,0.4049997780838904,39.58,9.9198,0.0,1.166912,48.13
XRAY,0.03474669291603313,0.28052317621203726,0.012543180814171651,38.44,12.440129,0.0164,0.94252,41.3
DVN,0.15653315829597494,0.5098874707720329,0.24575053415611023,60.85,23.225191,0.081,2.434045,80.65
DXCM,0.4508551688323753,0.47992072973150524,0.8743675837317939,108.43,32.56156,0.0,1.035003,107.06
FANG,0.322736855680804,0.5136864042657363,0.567484000483227,138.4,13.502439,0.0796,1.997789,174.8
DLR,0.12979767357162642,0.2692351971856262,0.366109760565321,115.21,70.680984,0.048800003,0.448784,129.47
DFS,0.19635312059986862,0.3627232798400626,0.45523706302622274,119.0,10.162254,0.0235,1.397199,115.82
DISH,-0.009300308801849575,0.3999659799520248,-0.10132949007550762,15.08,5.4836364,0.0,1.828666,36.31
DIS,0.11583704368599934,0.2660825892405085,0.31798023287905763,110.71,22.41093,0.0,1.233971,0.0
DG,0.20142629974539922,0.25939081128448743,0.656146063572368,228.09,21.257223,0.0087,0.389093,267.0
DLTR,0.18478634676583816,0.31983970598522377,0.4801102048871086,149.91,21.726088,0.0,0.689756,165.19
D,0.07035127799843777,0.21666659022328683,0.18056885449611457,60.25,14.623787,0.0396,0.485998,80.07
DPZ,0.25404022608753773,0.2859188010324781,0.7792848364245493,359.62,24.02271,0.013300001,0.687546,373.68
DOV,0.17421697851324985,0.2640756811565681,0.5414695434761869,159.61,21.028986,0.015800001,1.326455,143.14
DOW,0.17449156088507586,0.40914501999098757,0.3501534025612527,60.0,11.952191,0.0585,1.337859,49.43
DTE,0.12985407951122602,0.21923908542711396,0.44985609808053334,112.76,15.176312,0.0324,1.0,124.53
DUK,0.09851073633950688,0.20112259702588825,0.33453573760588684,100.58,18.455048,0.0442,0.411569,104.82
DD,0.1298612161322143,0.30337507015863313,0.32511958245745026,72.98,17.97537,0.0233,1.201547,91.78
DXC,0.18123635555099102,0.4711337039520343,0.31839860807755627,28.89,8.398255,0.0,1.943625,33.99
EMN,0.08947942263303904,0.2984406486706389,0.19518581968733706,90.2,9.955849,0.0401,1.492262,96.64
ETN,0.23282899095076218,0.34731588454488016,0.5804541627017681,163.24,24.960245,0.0222,1.14112,159.16
EBAY,0.12340735896093703,0.29431529752892127,0.31319921098440057,50.66,11.085339,0.0228,1.260869,49.05
ECL,0.11325765933188879,0.24695652159361514,0.3321621911756381,153.29,24.965797,0.013300001,1.027266,175.3
EIX,0.09835563556273225,0.25902639557369117,0.2591534944530204,66.87,14.107596,0.049200002,0.738025,68.0
EW,0.2261087856264986,0.3214206693821353,0.6063105587045061,82.12,32.587303,0.0,1.141857,111.62
EA,0.24152790332844024,0.3176055131754471,0.662141728056306,113.92,18.553745,0.006,0.844509,149.94
ELV,0.2404853153004088,0.2872791456981103,0.728410949557991,477.71,0.0,0.0095999995,0.883198,564.86
LLY,0.24117395168051312,0.2573619646301634,0.8157612255873615,339.08,39.15473,0.011,0.32756,0.0
EMR,0.1110269324493674,0.267907610978396,0.29785974412486005,91.39,21.811455,0.024,1.396831,98.73
ENPH,0.7341883983479957,0.8223262134900158,0.8548436700933294,222.93,82.566666,0.0,1.469786,308.92
ETR,0.11748876069317991,0.23046039253061879,0.37429737818171765,108.08,17.155556,0.0385,0.610537,120.71
EOG,0.16199351301869433,0.40206169618474746,0.3252373311492168,124.62,21.673044,0.0223,1.501473,149.69
EPAM,0.3875007441062865,0.4380585509503475,0.8132992800600051,375.85,40.370567,0.0,1.677597,468.67
EQT,0.10903589490770742,0.4799470472462842,0.16211758226223782,31.26,62.52,0.0154,1.167649,63.05
EFX,0.18172007417927513,0.27392319905760776,0.5493949935703909,225.99,26.967781,0.0094,1.486735,184.94
EQIX,0.17820153016025145,0.2674637767497238,0.5495080191869884,733.0,80.726875,0.0223,0.552689,731.14
EQR,0.08979626816685575,0.2425133655027081,0.24150515601979025,64.73,61.647625,0.0402,0.83714,76.71
ESS,0.09978434329886607,0.24619885908644618,0.2784590617479447,230.34,51.878376,0.0397,0.807663,291.23
EL,0.19285293834748618,0.27362151358836523,0.5906878309152036,269.54,37.697903,0.0117,1.031319,288.42
ETSY,0.3957378741946665,0.6205679144553969,0.5873810516296452,147.5,38.01546,0.0,1.808769,118.04
RE,0.15807831598320204,0.2482078289204345,0.5110647659289802,342.39,11.397803,0.0219,0.510685,0.0
EVRG,0.12755766771946256,0.22613612543035458,0.42598071202422877,61.64,17.66189,0.0385,0.536109,65.78
ES,0.12060897580485644,0.22018924244271235,0.4059278047331094,80.35,19.59756,0.0342,0.510316,86.97
EXC,0.13782565423236498,0.24528085080165954,0.4345941148268552,40.9,13.409837,0.0358,0.625276,44.25
EXPE,0.15510564945454167,0.4182698310294055,0.2961667332196209,118.7,20.118643,0.0,1.564848,142.19
EXPD,0.13928508891830765,0.2352864899789889,0.4592573459433108,117.03,25.777533,0.0139,0.909358,102.14
EXR,0.20208368037858362,0.2471571916307661,0.6912833054018069,163.13,36.740993,0.035,0.553426,209.92
XOM,0.0978165452549254,0.26873778432082285,0.24778244499177435,111.92,26.711216,0.0332,1.048636,109.88
FFIV,0.08090681351250908,0.30209969472134934,0.16444496431580963,152.4,13.070326,0.0,1.138909,176.74
FDS,0.19379895593096313,0.24864240204234372,0.6538342398616208,427.56,36.05059,0.0085,0.782608,427.18
FAST,0.13605210553492675,0.2687223997613547,0.39008309554312715,54.2,31.695906,0.026600001,1.180545,47.57
FRT,0.07606197066260949,0.2848260047839346,0.15740813660037864,113.04,66.88757,0.045100003,1.143699,114.75
FDX,0.1267542608927773,0.3069718796535605,0.31118883269159897,214.67,10.880385,0.0291,1.323876,191.46
FITB,0.16625479586283257,0.34195687835983296,0.39486486283369143,37.64,11.653251,0.0372,1.225497,39.98
FRC,0.20443226008191773,0.2937781467953589,0.58957489512768,144.5,18.741894,0.0093,1.142962,140.86
FSLR,0.2916464792615846,0.5011246120142536,0.5196680287176509,168.19,51.434254,0.0,1.26787,140.07
FE,0.07155751387553809,0.25674821141221077,0.1570779155947033,0.0,15.200001,0.0429,0.454679,41.6
FIS,0.12098493903487909,0.2723233876005818,0.3295967336168945,75.39,10.243206,0.0229,0.847089,109.0
FISV,0.19774763246762395,0.2462642997646028,0.6761824293352938,106.6,16.60436,0.0,0.874355,123.12
FLT,0.17909544556430662,0.3155753454257351,0.4685645051598769,218.2,14.924761,0.0,1.236919,242.64
FMC,0.14432684107515922,0.30106174009483566,0.37566646975896983,127.39,15.844527,0.0179,0.79882,132.94
F,0.0928417844740432,0.33911006683505973,0.18169246656358273,13.23,7.828402,0.0468,1.378776,14.91
FTNT,0.3176456490965186,0.3845834808360028,0.744747560346762,53.0,12.183908,0.0,1.141488,70.45
FTV,0.1219863681807849,0.2741521323775248,0.33105096575198306,69.08,24.238598,0.0045,1.0,75.07
FOXA,0.051751492643824164,0.3660130559467564,0.05607300700379902,34.6,13.007518,0.0168,0.890279,38.87
FOX,0.021931220857138722,0.35398705893373356,-0.026263161046351843,32.3,13.744681,0.0179,0.890279,51.5
BEN,0.045388901226055045,0.3113654806578437,0.045479868872736286,33.27,10.143293,0.0498,1.257921,21.55
FCX,0.1794178270503248,0.5377856954801263,0.27555546438211515,43.16,13.078788,0.018,1.945836,36.38
GRMN,0.17006821239012143,0.2719415459764569,0.5105515300994191,101.54,17.094276,0.0344,1.0,0.0
IT,0.22813265888694975,0.2853560762761832,0.6900312811356955,341.95,60.629436,0.0,1.347826,325.01
GEHC,1.3417152120121159,0.4552099286735142,2.8788633319942023,70.55,0.0,0.0,1.0,0.0
GEN,0.059430949489126805,0.3434582253990511,0.08211452633611878,21.3,0.0,0.0,1.0,0.53
GNRC,0.21312321859867545,0.413445046076637,0.439950073971183,122.44,11.060525,0.0,1.375829,192.9
GD,0.17156043409391405,0.22262104886971926,0.630364445824701,231.54,18.85505,0.020499999,0.848563,266.61
GE,0.010532268575152213,0.33656177509267443,-0.061491746688669205,81.96,157.61539,0.0044,1.138909,83.83
GIS,0.110167998654194,0.2041786777092322,0.38662195066407173,75.48,20.345015,0.0276,0.308769,77.65
GM,0.12244942428873845,0.343345898611914,0.26568362885151786,41.13,6.4976306,0.0097,1.0,48.32
GPC,0.14640594818263197,0.2493662969494512,0.4618824179425488,168.29,26.172628,0.0209,0.955784,157.22
GILD,0.13198543820273248,0.2733232821016272,0.36863818344984234,84.5,12.7259035,0.042,0.333087,72.07
GL,0.15500921429691986,0.24277075365594247,0.509868558871404,120.16,15.78975,0.0073,1.0,119.11
GPN,0.20215204311062446,0.313205374243957,0.5457250008208709,113.06,12.262472,0.0083,1.040899,157.54
GS,0.14379461883741784,0.2801095365953994,0.4018662849232919,369.95,10.429941,0.0298,1.355932,383.86
HAL,0.1149990782305334,0.4487191143651667,0.18668925738724135,38.57,27.35461,0.013200001,2.103537,43.76
HIG,0.17407896077819063,0.2934066138840648,0.48687014547121354,74.77,11.209894,0.0222,0.878039,82.71
HAS,0.11940475365084108,0.30825889087830155,0.286047592675641,61.73,12.0097275,0.0424,0.806927,89.25
HCA,0.2524999812784311,0.3296473480364998,0.6712383478956161,258.08,16.990124,0.0104,1.685703,240.64
PEAK,0.0436988139254547,0.2836823409423111,0.04396034624429061,27.63,74.675674,0.052199997,0.82277,30.33
HSIC,0.12283698819274791,0.2495066833100036,0.36716029800567335,86.76,20.70525,0.0,0.757921,81.55
HSY,0.15143100329828255,0.21131170554714063,0.5688419531365108,236.28,32.500687,0.0178,0.344141,236.85
HES,0.18301559198110415,0.43458992181255474,0.3492661572863915,137.57,51.71805,0.0106,1.542372,144.41
HPE,0.1592982876276222,0.35400758571242846,0.3617726082779985,16.33,8.505208,0.0341,1.172439,16.26
HLT,0.18181896219166843,0.2981555545647244,0.5050750183650794,146.82,37.840206,0.0046,1.206337,145.41
HOLX,0.17257626971104187,0.27542313725355827,0.5132039055479749,84.68,20.114014,0.0,1.023949,76.27
HD,0.2093339112805535,0.23831353793720145,0.7473594359261571,331.5,23.952312,0.026199998,0.960206,351.03
HON,0.1558524082138134,0.22555236228673092,0.5525296519002814,202.69,22.322687,0.021,1.087693,204.25
HRL,0.1340571235425141,0.21076989536915552,0.48787367554637256,45.24,24.063831,0.0227,0.171702,46.22
HST,0.09849363639112763,0.33406054190818046,0.20135750248341622,19.07,953.5,0.026500002,1.221444,21.56
HWM,0.2165130401206651,0.43868480279013206,0.4223647569917441,39.86,28.47143,0.0046,1.4042,41.54
HPQ,0.2266970365652706,0.34747044532127264,0.5625485539937054,30.51,9.0,0.0367,0.990051,30.24
HUM,0.22866253623817148,0.29880628200530984,0.6607441279980293,476.57,19.372765,0.0058,0.732129,554.86
HBAN,0.15761616169875775,0.3212009289826567,0.3934861648900844,15.45,11.115108,0.0416,1.126381,15.53
HII,0.2098215755744766,0.27143679421206995,0.6579562512836931,216.97,14.871144,0.0188,0.619012,252.91
IBM,0.0322950468862249,0.23535754067813558,0.0045335572801735,136.94,11.364315,0.048899997,0.83235,139.96
IEX,0.19309034966591146,0.22420128822904034,0.7219508458234896,229.84,33.406975,0.0109,0.98784,228.8
IDXX,0.2787163614026521,0.30061506319391124,0.8232731879066565,482.41,54.75709,0.0,1.140383,479.63
ITW,0.1848697786838649,0.22974054018415843,0.66876198065203,246.73,26.702381,0.0252,1.097273,198.94
ILMN,0.2242460437459244,0.4026262486497141,0.47939746700322755,214.26,29.758333,0.0,1.123065,253.47
INCY,0.2380335832729832,0.4163345615240293,0.4967292230597275,83.61,18.621382,0.0,0.662122,85.94
IR,0.2830993510596205,0.368140639849234,0.6841714383082793,57.11,27.723303,0.0016,1.446941,53.23
INTC,0.10855142957586862,0.30933361226873496,0.24996762884743925,0.0,6.6056643,0.0533,0.706705,34.27
ICE,0.1689889247940796,0.23026104709223472,0.5982813269526107,107.66,20.428843,0.0162,0.908621,126.43
IP,0.08278132812855278,0.2879240558606487,0.17905168771054011,41.36,8.0,0.0557,0.969786,35.59
IPG,0.19139773534573568,0.30092355132699833,0.5322604184524181,39.11,16.713676,0.0385,1.033898,32.9
IFF,0.10006644802675342,0.2634794348690352,0.26126672112656674,113.33,17.197268,0.033800002,1.068533,163.99
INTU,0.24447795752254753,0.30080242913995814,0.7089368198854745,423.76,43.240818,0.0074,1.182756,520.48
ISRG,0.1919293475412985,0.3247566748488003,0.4948360418515732,254.68,16.118986,0.0,1.285187,254.84
IVZ,0.07689538552591216,0.36961744790287554,0.12355300268095669,20.04,6.7702703,0.0498,1.297715,0.0
INVH,0.14037567355016292,0.27609051900969733,0.39533278414420825,33.42,87.947365,0.028299998,0.899778,42.0
IQV,0.21704193204322572,0.28018866743716797,0.6631741881232741,237.18,24.079185,0.0,1.0,257.53
IRM,0.15656321413508306,0.2906223026775741,0.43126481686401813,55.53,38.83217,0.0502,0.837877,55.43
JBHT,0.14813253895638576,0.25965601322395965,0.4502283521595664,197.89,25.969816,0.0094,1.125644,190.43
JKHY,0.17490913144745962,0.21234796340265627,0.6766304190107552,180.7,40.425056,0.0101,0.646278,195.0
J,0.1371238648085087,0.27333449462172676,0.3874221033127205,125.55,15.273723,0.0081,0.889462,153.67
JNJ,0.11931854993528561,0.17741632025171222,0.4965186394130258,164.61,15.827886,0.026199998,0.558953,183.8
JCI,0.14557296203868736,0.254698704717478,0.44894190636455533,65.72,21.064104,0.024600001,1.164333,0.0
JPM,0.1678721669726483,0.2683980796900306,0.5091099278214546,141.09,11.796823,0.0321,1.06927,137.46
JNPR,0.09066568548181032,0.2847073198581356,0.2087675354366976,30.73,16.259258,0.027999999,0.873249,33.78
K,0.06485481774603918,0.20588740765274996,0.1633260534734322,67.61,16.252405,0.032,0.435887,73.94
KDP,0.20294024567224167,0.22613064681529696,0.7593495534387076,35.15,20.085714,0.021,0.568672,41.03
KEY,0.16495401632003243,0.3525851978275752,0.3792728031401609,20.02,10.214286,0.044099998,1.284819,20.57
KEYS,0.27099388705106797,0.30550532618201387,0.784817240515082,181.4,28.657187,0.0,1.0549,195.38
KMB,0.09036431765280495,0.1983714355467327,0.2981088355567892,131.26,16.552332,0.038599998,0.386882,125.96
KIM,0.10635143974371578,0.32958567498480446,0.22793284250882423,22.53,40.232143,0.0429,1.383935,23.3
KMI,0.021138312320270684,0.31449818436839294,-0.03208199021635796,18.28,19.869566,0.0626,0.916728,19.88
KLAC,0.30664639517899134,0.36266890743858377,0.7594209195652989,408.27,24.157988,0.017,1.0,361.65
KHC,-0.006023595143730725,0.2880996798459896,-0.1293012028263421,39.38,14.804511,0.0432,0.730655,42.18
KR,0.17624371889821777,0.28189843978411394,0.5144252625698645,44.42,15.370241,0.0228,0.506632,53.46
LHX,0.20195690886128745,0.25133950006193473,0.6792759149476181,210.95,15.956883,0.0179,0.701915,0.0
LH,0.13510732494897174,0.2596010856285519,0.40014965539615177,249.34,15.574016,0.0125,1.066322,292.92
LRCX,0.34128428294883967,0.3937268497553971,0.7874907264953416,529.25,16.3248,0.0179,1.383566,432.3
LW,0.2552108234427877,0.3296128777224306,0.6795328659372509,98.12,31.754047,0.0115,0.511422,92.57
LVS,0.11253405244358028,0.3835244336394334,0.21199695591175682,58.08,23.901236,0.0,1.167649,47.71
LDOS,0.21830784546189522,0.2816166778016925,0.6643065564440482,98.06,13.7146845,0.0148,0.757184,116.17
LEN,0.168211784169011,0.3662621813819012,0.37400460964310805,104.81,9.275221,0.0189,1.449889,95.0
LNC,0.1390743705360067,0.4409206789756122,0.24459349648178322,35.27,3.2687674,0.0344,1.776713,57.0
LIN,0.1511645664870076,0.2241867586895977,0.5349848813275735,323.6,31.326235,0.0162,0.86588,329.04
LYV,0.2761026910720307,0.3768012594466501,0.6498774750312686,79.8,181.36365,0.0,1.341562,115.15
LKQ,0.1470650070660767,0.3322704127419638,0.34862257555804144,57.48,17.107143,0.0187,1.374723,65.22
LMT,0.21845295006014104,0.2211015234166315,0.8467825421225387,459.08,16.45448,0.025899999,0.671333,456.35
L,0.06857620599476945,0.2515731075689476,0.14845849924675986,60.1,20.724136,0.0045,0.821665,0.0
LOW,0.22864419741836423,0.2839985672661196,0.6951308216957885,215.97,19.386894,0.0217,1.168017,240.6
LUMN,-0.11879820770486038,0.38653503823600743,-0.38813104339456644,5.26,3.329114,0.1435,1.073323,8.41
LYB,0.16716533653600002,0.35767502182772193,0.38005812048915144,98.15,7.953809,0.0577,1.260501,87.4
MTB,0.11253722082660444,0.30488636134652913,0.2666868418556443,159.02,13.487701,0.0291,0.838614,198.22
MRO,0.12906755432700964,0.5237205114615322,0.18681627354966837,26.03,72.30556,0.0106,2.414517,32.21
MPC,0.2251491083481364,0.40893926326086516,0.4742050611809143,118.2,41.041664,0.020499999,1.602063,126.07
MKTX,0.2776901187623163,0.3136224064615666,0.7858560921994572,345.9,37.679737,0.0117,0.647752,274.55
MAR,0.20684495039805548,0.32009691633706394,0.5486366829566394,174.43,37.837307,0.0077,1.568165,171.42
MMC,0.19270680182806393,0.19885674555629415,0.8120356258576668,171.88,28.17705,0.0153,0.888725,173.93
MLM,0.18953735662909818,0.3198385575883078,0.49496632872710783,360.63,27.6769,0.008,0.86588,401.57
MAS,0.1788315349913551,0.2930273229666803,0.5037192214798994,55.39,13.987373,0.024600001,1.209285,54.12
MA,0.23985908133518816,0.2741238511341816,0.7610831398936716,373.91,35.815136,0.0061000003,1.0,402.69
MTCH,0.24757793095624478,0.4460850367283351,0.48499696952122073,48.45,17.180851,0.0,1.315274,74.95
MKC,0.12705916108931217,0.21550934720378004,0.44467268978573327,74.54,23.588608,0.0191,0.571112,80.72
MCD,0.14892258647908188,0.1994959717415732,0.5899595137555128,264.23,27.610243,0.023699999,1.0,283.0
MCK,0.17390297008014752,0.28013881559482173,0.5093008256744589,362.58,19.235012,0.0056,0.61938,386.85
MDT,0.10661807806409036,0.22642227129508097,0.3329621138355236,87.1,15.227273,0.0319,0.768238,105.47
MRK,0.14783439657576036,0.2121512506870414,0.5496378466018776,102.94,14.198621,0.028199999,0.328297,104.59
META,0.2615775119508807,0.3871693010703419,0.5949579972374679,186.53,0.0,0.0,1.318717,163.79
MET,0.1489602115148306,0.3008064801933643,0.3913884150531273,69.79,9.97,0.028199999,1.014369,77.44
MTD,0.23443777620809705,0.26276818871829705,0.7733422268694405,1591.65,48.290356,0.0,1.142225,1330.73
MGM,0.22380584807527268,0.4480140253448956,0.4298477216930436,41.71,245.35294,0.00029999999,2.051952,50.46
MCHP,0.26282246302730355,0.3543287673593336,0.6536145082405858,85.34,11.378666,0.019199999,1.558585,82.88
MU,0.3106350474795306,0.45586026260195694,0.612922490524822,62.41,5.8327103,0.0083,1.276344,65.92
MSFT,0.2800890240002785,0.2719859706440315,0.9149772814265549,258.35,30.940119,0.0109,0.960206,307.58
MAA,0.15921397289838532,0.23467237333592866,0.5453813377552383,173.05,68.12992,0.0325,1.0,191.17
MRNA,0.8486226391795202,0.7947872278085764,1.0284445579718713,173.25,10.449337,0.0,1.693601,207.29
MHK,0.09272366351611133,0.3784651390279288,0.1624868902848499,125.26,8.626721,0.0,1.29882,119.77
MOH,0.30425151621292024,0.3733132031611841,0.7313523173215979,301.07,18.561653,0.0,1.0,366.69
TAP,0.07903571096759279,0.28338688552138025,0.16870107057140482,53.62,12.858513,0.0304,0.862196,54.0
MDLZ,0.12547779703077333,0.21492200744286702,0.43853004239962745,65.91,21.125002,0.0255,0.64333,70.5
MPWR,0.38380682387556797,0.3941270962749742,0.8945814363276899,456.3,66.41921,0.009,1.168386,527.67
MNST,0.22669150565544768,0.3007609706742233,0.6498963785860665,101.8,33.486843,0.0,0.903831,100.58
MCO,0.24180357553150303,0.2763669702652737,0.7619417593033644,324.36,26.917841,0.0107,1.235814,281.44
MS,0.21900251704564513,0.3117592832071992,0.6023059686296751,99.43,14.347764,0.038399998,1.33235,0.0
MOS,0.09059497055066157,0.43117192803457105,0.1376873740993216,0.0,21.193275,0.0112,1.566322,65.31
MSI,0.1941887519206793,0.24748131070141435,0.6584768420070768,256.44,26.824266,0.013200001,0.915254,286.91
MSCI,0.330623430578545,0.2907499088905614,1.0297351140254285,567.43,52.882572,0.0112,1.0,492.91
NDAQ,0.25632952123269565,0.23771222722706872,0.9469495274361012,60.55,8.468532,0.013300001,0.939572,65.84
NTAP,0.13700878904931757,0.32866252913442745,0.321852172602895,67.62,14.993348,0.0296,1.195652,87.92
NFLX,0.36858906629101446,0.45541743447242256,0.7407731912758015,365.9,28.189524,0.0,1.221075,278.97
NWL,0.05401259635753774,0.365269462765003,0.06237739172287838,16.12,8.484211,0.0584,0.864038,20.05
NEM,0.09633418599293642,0.3697749248469119,0.17606966190487572,49.85,12.716836,0.0515,0.269712,65.51
NWSA,0.084589585196111,0.29935603335145083,0.17825445040963486,21.17,33.078125,0.0117999995,1.285924,23.2
NWS,0.08676118036654228,0.29742760531560075,0.18671145307234072,21.4,0.0,0.0116,1.285924,0.0
NEE,0.19890513454372988,0.22495836501873476,0.7453694577462179,74.67,27.452206,0.0225,0.493367,92.8
NKE,0.20886289473290803,0.2819228781998792,0.630083148529463,127.61,32.388325,0.013300001,1.109432,110.52
NI,0.149841867151069,0.23223271160172285,0.5107541755799283,27.31,19.507143,0.0373,0.449152,30.33
NDSN,0.17675607221221307,0.28285867719839036,0.5144902523739915,248.65,33.556004,0.0117,0.93294,268.43
NSC,0.18784226565584924,0.27622165080411276,0.5669875087839332,252.12,19.05669,0.0223,1.328297,241.84
NTRS,0.12300719155861838,0.2833933148474116,0.3238578567521804,98.17,13.374659,0.0365,1.11717,95.37
NOC,0.23684572662399916,0.23886465750826247,0.8608125152321746,440.64,17.28,0.012999999,0.586219,520.79
NCLH,0.11051084837284493,0.5682582409747985,0.13951897686974543,16.57,31.264153,0.0,2.330876,19.69
NRG,0.12300424305483476,0.3759958974967075,0.24408830966406653,34.43,5.9259896,0.0324,0.833087,44.4
NUE,0.21494679566267477,0.3344139545150432,0.5493752673534759,176.63,36.4938,0.0148,1.450994,123.05
NVDA,0.5301202966360226,0.44585891659497146,1.118946460579565,211.0,13.7369795,0.0011999999,1.712969,190.5
NVR,0.2132867567014476,0.30771979082712414,0.5916379840823683,5281.34,14.466254,0.0,0.946204,4800.0
NXPI,0.2663961184739048,0.3966556576483242,0.5928771566600609,190.95,17.929577,0.0229,1.477523,187.35
ORLY,0.250987970198229,0.26540865249897133,0.8280059000896398,794.84,29.22206,0.0,1.0,819.26
OXY,0.118451725130332,0.4736733951301575,0.1841430952906371,61.24,-58.323814,0.0072000003,1.836403,75.45
ODFL,0.3155182092968573,0.2902125543654649,0.9795929398168306,371.01,42.16023,0.0044,1.057479,284.33
OMC,0.11389357995061732,0.25691404926980743,0.3217634076117159,91.71,14.307332,0.0392,0.84193,77.45
ON,0.3344330178695871,0.45750550733736267,0.6627351431023654,80.89,35.95111,0.0,1.752763,75.06
OKE,0.19812979813934203,0.42842160876263163,0.38957362264510487,68.56,20.344213,0.064,1.641488,67.0
ORCL,0.1399024967965187,0.2561361206559558,0.4242839960407276,89.62,18.670834,0.017,0.925939,87.54
OGN,-0.002434929414305321,0.3521304776015238,-0.09559800003065529,29.76,5.113402,0.0432,1.0,33.71
OTIS,0.2700966633040876,0.295515243600232,0.8083123577644786,84.73,25.675758,0.0173,0.823644,77.62
PCAR,0.1442391904452101,0.25082668694875615,0.4505547309408048,110.18,15.672831,0.0159,0.872881,97.22
PKG,0.1949002536457389,0.2811651617143305,0.5821212438040008,144.42,17.69853,0.043,0.851879,127.3
PARA,0.028578611405446458,0.402588015818787,-0.006580992192241289,24.6,0.0,0.048800003,1.566322,25.1
PH,0.19379491703514884,0.3002706370253973,0.5414011794538501,350.0,20.503809,0.0191,1.52616,317.44
PAYX,0.1812906433072941,0.23338845889802307,0.6429735387156515,118.58,36.94081,0.0274,0.991156,126.79
PAYC,0.4588588537101055,0.4646451675076395,0.9203384509725581,337.44,61.802197,0.0,1.423728,397.0
PYPL,0.18701694495576554,0.38697583190993395,0.4025804510649248,85.52,14.873043,0.0,1.398305,119.86
PNR,0.1127198455403585,0.2856608212371791,0.28527470163105595,59.37,18.324074,0.0201,1.051952,50.53
PEP,0.12597862230309306,0.18263494973448136,0.5187976476934107,169.12,25.741247,0.025799999,0.568901,183.68
PKI,0.18149434481047583,0.2667519705017999,0.5633184434722746,141.75,22.716347,0.0021,1.145173,167.58
PFE,0.11007814479014429,0.22064054330800745,0.35736906560201925,44.06,13.943038,0.035099998,0.637067,0.0
PCG,0.0909830174175989,0.5869198474316794,0.10181113773003714,15.55,11.433824,0.0,1.0,16.71
PM,0.08684548395602074,0.2257989694972219,0.24631398489382927,102.59,15.427067,0.0574,0.688282,101.21
PSX,0.13740134272397395,0.3443502919502131,0.30832935302138464,98.81,14.552282,0.0379,1.358511,112.21
PNW,0.09340667378860713,0.2231197939222663,0.2786782503753567,75.88,14.8203125,0.052399997,0.377302,67.08
PXD,0.1564631817352812,0.42061173082104925,0.29774524237965944,220.0,15.884476,0.0767,1.479734,282.22
PNC,0.1587649203747412,0.27823143796713895,0.4583841470695499,165.39,12.169978,0.037100002,1.148857,177.69
POOL,0.27006466146024544,0.2829752872678705,0.8440193621569424,403.57,30.759909,0.013099999,0.868091,349.78
PPG,0.11215500434641527,0.2600827364778161,0.3111585391946158,130.73,14.838819,0.022,1.162122,129.52
PPL,0.07221015023950444,0.22608346062974588,0.1812698289875372,28.66,10.938931,0.035,0.795873,28.84
PFG,0.1897549573169738,0.3161881188645413,0.501368988474386,92.31,13.475912,0.0317,1.239867,74.15
PG,0.10630109484581411,0.1834090195382239,0.40932040878136033,142.61,23.927853,0.0279,0.386514,146.29
PGR,0.23133227906389262,0.2173216592271819,0.9207744859911524,136.31,22.832497,0.0032,0.443994,122.69
PLD,0.1782801348340723,0.2523568262911244,0.5827149477232288,131.62,62.379147,0.028800001,0.964996,136.74
PRU,0.1414061563233341,0.32007484949696174,0.3442260974339382,101.86,8.045814,0.0475,1.372512,99.33
PEG,0.12385537966883448,0.21686743697269545,0.42711501997534485,60.85,17.385714,0.0385,0.612011,68.69
PTC,0.2239161301945262,0.32119918714832174,0.59990217257713,130.55,34.175396,0.0,1.148857,142.15
PSA,0.12221852759913916,0.217999048139365,0.4173893802817428,308.47,39.046837,0.026800001,0.382461,364.0
PHM,0.18818949700232057,0.3642357741554546,0.4309336648000153,58.8,6.8055553,0.0154,1.298452,49.58
QRVO,0.14744701587953973,0.4385519173877858,0.26500619716259105,106.88,10.296724,0.0,1.366249,109.91
PWR,0.22257765342409008,0.3235998037156561,0.5913156041280768,152.43,31.299793,0.002,1.095431,151.67
QCOM,0.15516467966416528,0.3459249010171471,0.3582761440575857,135.02,15.75496,0.0254,1.283714,178.07
DGX,0.13685060154227632,0.23548660540992888,0.4485289571530896,142.81,17.89599,0.0185,0.968312,144.14
RL,0.0519716108019139,0.37054324202606304,0.055981511615896755,125.89,18.789553,0.0321,1.351879,114.02
RJF,0.19616056278553773,0.3034775169654905,0.5434752611675446,111.87,11.951923,0.0127,1.0,118.11
RTX,0.1100360409986769,0.26072326734239126,0.3022668510092871,96.48,19.334671,0.0249,0.750184,104.35
O,0.124838927369357,0.26028931241264835,0.3596416868116031,67.59,44.467102,0.048699997,0.788135,70.1
REG,0.10065656548913018,0.296585444711366,0.23409282799584963,66.81,58.605263,0.0434,1.104642,66.79
REGN,0.21440198982211442,0.3481138395441931,0.5261897948892682,783.13,19.30318,0.0,0.171333,776.39
RF,0.19535785477631717,0.34712715764692137,0.4728233189666513,24.0,12.182741,0.0376,1.247236,24.16
RSG,0.17475849070031757,0.18496507082348837,0.7759867853268818,123.08,30.019514,0.0147,0.707442,155.13
RMD,0.22036983615289096,0.29334486645443275,0.6447762268511756,224.6,40.836365,0.0075,0.479366,254.29
RHI,0.15279224986324777,0.305492987832277,0.3979279875836287,87.06,19.17621,0.023,1.351879,74.0
ROK,0.17647906594036647,0.2861252491678186,0.5076484035176281,289.96,29.467478,0.0186,1.432203,241.52
ROL,0.19726776084745257,0.23873794351948002,0.6954894492490449,35.68,52.47059,0.013099999,1.0,38.5
ROP,0.16007863000920763,0.2288964058309271,0.56292098404613,430.34,26.712599,0.0064,1.047162,493.0
ROST,0.19434954805405522,0.31548482625031765,0.517050249289608,115.32,22.880953,0.013300001,0.953942,100.64
RCL,0.2117050110241751,0.509320430945508,0.3543485791349384,68.44,31.685184,0.0,2.308032,64.57
SPGI,0.25665450143383733,0.25603297737234565,0.8804586961927273,372.91,26.847372,0.0109,1.075534,383.71
CRM,0.19965055210967214,0.35005221869344805,0.4811353938679798,171.04,41.214455,0.0,1.103537,220.18
SBAC,0.17933605641278846,0.2564738936944219,0.5774779424334441,297.77,84.3541,0.0111,0.500368,349.72
SLB,0.05964047431984514,0.3826172457498362,0.07425811209822474,52.64,33.10692,0.0134000005,1.750184,0.0
STX,0.19173919886868712,0.3891245307977963,0.4124930354438511,70.89,10.564829,0.052399997,1.0,0.0
SEE,0.16246830408136068,0.3011198606818855,0.4358406110773546,55.02,14.830189,0.0171,1.21518,63.21
SRE,0.1267109324143709,0.23204751421572994,0.4114799192865412,155.9,18.27667,0.031,0.692336,163.53
NOW,0.361869545764821,0.411988721335567,0.8025498967513529,472.22,66.69774,0.0,1.0,537.06
SHW,0.192687856690372,0.2602686026596719,0.6203584106810517,241.73,23.583414,0.0109,1.060427,255.55
SBNY,0.13722420584101214,0.37547263629205424,0.2823006408496976,138.93,9.170297,0.014400001,1.708179,219.12
SPG,0.08751006750774096,0.35958072665165963,0.15652125751451584,129.81,28.404812,0.066300005,1.486735,121.69
SWKS,0.23847799086343405,0.3855898262857743,0.5374881201237761,112.48,10.376384,0.0296,1.217391,125.88
SJM,0.10106884575885117,0.22137884726090915,0.3154809351875407,149.97,17.397913,0.0276,0.218865,140.69
SNA,0.16966286802179018,0.26192359608215526,0.5285313354667318,259.66,18.481138,0.026300002,1.085851,230.89
SEDG,0.5521158949937668,0.6444604145192446,0.8082542282881712,316.0,50.0,0.0,1.281134,331.19
SO,0.10752096646758376,0.21163790874912972,0.36048800011428805,67.27,18.896067,0.0414,0.541267,68.63
LUV,0.18037692909691028,0.34014548466913874,0.43848557698112134,36.35,11.725806,0.0,1.027634,48.2
SWK,0.08834999932133067,0.318201708782364,0.17951493581123343,93.82,7.7601323,0.0404,1.0,100.0
SBUX,0.17922375779183872,0.25899449409610287,0.5714241853445865,0.0,28.972223,0.0247,0.883935,96.55
STT,0.11974104232253227,0.3203372740480352,0.2763119046677651,91.08,11.356608,0.0349,1.576639,77.0
STLD,0.30590798039486494,0.38240446523543414,0.7182968960143118,128.18,30.591883,0.0139,1.383566,90.5
STE,0.21304158145984517,0.2452595071596275,0.7413108815686879,219.03,31.289999,0.0109,0.815033,237.5
SYK,0.1936496146279027,0.25087404951473563,0.647422780266967,283.14,27.436049,0.012200001,0.97126,238.48
SIVB,0.24586191068999022,0.4212581285938691,0.5095067753640354,323.21,12.537237,0.0,1.720338,331.71
SYF,0.14763953670377458,0.3856224048590189,0.301879494662905,37.05,6.8994412,0.026199998,1.545689,39.78
SNPS,0.2729577839190583,0.27185572822354825,0.889183926726175,361.44,50.41004,0.0,1.242078,407.03
SYY,0.15745339367449282,0.29246196007646263,0.43159580017603677,76.72,23.826088,0.0235,1.03574,91.38
TMUS,0.26399950983309967,0.28823517889438677,0.8075748100274409,145.19,43.21131,0.0,0.507737,173.73
TROW,0.12051571888698563,0.28212685538641374,0.3164806085916684,125.82,9.791439,0.044,1.301031,92.18
TTWO,0.26397166479275125,0.3495723027488304,0.6657953818662201,109.28,17.973684,0.0,0.782977,161.11
TPR,0.10944360188557173,0.4137513232790252,0.189040028371305,46.11,15.630508,0.0378,1.382461,45.26
TRGP,0.2217602212333009,0.5337177317177725,0.35699053997294145,73.41,44.222893,0.0208,2.364038,93.89
TGT,0.1732023206790887,0.2928427248937171,0.4848140951303343,176.76,18.336098,0.025899999,1.01658,191.89
TEL,0.17458078771387064,0.2649740188066892,0.5410068064983129,133.89,19.835556,0.0188,1.3084,0.0
TDY,0.22029073957483045,0.2670897777264261,0.7078619825512124,433.58,32.8221,0.0,1.058216,484.0
TFX,0.16505675023528446,0.26846491307910014,0.4984960928641484,258.47,17.346981,0.0066000004,1.0,256.15
TER,0.2614335410658474,0.372962586281187,0.6172348367888277,107.99,19.215303,0.0053,1.519896,103.03
TSLA,0.5953741623584599,0.5774217543190121,0.9770087776300551,189.98,30.84091,0.0,2.127855,272.0
TXN,0.22951974950561396,0.27330856550969646,0.725523216374787,182.29,23.251274,0.031400003,0.998157,172.86
TXT,0.15295247659864503,0.33689089271268563,0.36131708881847635,74.44,19.74536,0.0011999999,1.0,0.0
TMO,0.24088833371757656,0.24342059494634483,0.8613087720435094,587.76,29.881037,0.0023999999,0.859248,625.33
TJX,0.17731166187632333,0.267549491083406,0.5460059792696199,80.52,27.670101,0.0166,0.862932,77.05
TSCO,0.20023084789308354,0.28451436293314825,0.5940044859477058,228.56,29.683117,0.017,0.864038,229.0
TT,0.2243183513968706,0.2586176915348811,0.746624526174721,186.3,26.690544,0.0174,1.193809,0.0
TDG,0.2746037711863932,0.32875548197017906,0.7402940621207029,713.5,42.16903,0.0,1.434414,714.9
TRV,0.13164682426568128,0.22803320625367146,0.44036912834410785,182.76,14.882736,0.0211,0.607221,178.82
TRMB,0.12777830024753395,0.34404623659548017,0.28063164186508804,60.3,22.669172,0.0,1.57406,76.33
TFC,0.12154669474358766,0.2997284198194886,0.3013349711840547,50.09,10.306584,0.0471,1.09322,51.85
TYL,0.2248762534990041,0.29344061801174737,0.659923001855905,332.57,48.1288,0.0,1.0,447.84
TSN,0.15673265511902773,0.2846956316478825,0.44083786743877634,64.03,9.97352,0.0271,0.725128,88.35
USB,0.09845660986072279,0.2652727589038015,0.2534318644111616,49.3,11.281465,0.045300003,0.98784,51.58
UDR,0.12277505844609939,0.2465580939201215,0.37129999261560837,43.38,433.80002,0.0385,1.0,50.35
ULTA,0.24191504793198304,0.3883533001992057,0.5425137570085574,520.76,43.073616,0.0,1.354458,483.54
UNP,0.16671749984382378,0.2519321645191035,0.5378013566001417,210.29,19.435305,0.026600001,1.154753,216.43
UAL,0.19308724497175278,0.4937716370959372,0.32780174642972576,51.12,21.56962,0.0,1.244657,52.35
UPS,0.1421077386768824,0.23970773559187894,0.46256203792865447,191.66,16.886343,0.036,1.116801,191.7
URI,0.30645368969881165,0.42374423536465,0.649508894127441,455.07,10.326073,0.012999999,1.828043,443.5
UNH,0.25798721669492175,0.25383174557733995,0.8933444324897917,472.02,22.087973,0.012200001,0.745762,594.64
UHS,0.15501993791785745,0.33261154381098823,0.372181604117638,148.41,12.115103,0.0073,1.197126,117.71
VLO,0.22977530740279553,0.39821796832392165,0.4985894238882054,131.73,23.90744,0.0309,1.629697,137.13
VTR,0.07005868409951452,0.35172715638724505,0.11039990344823672,52.6,111.914894,0.0465,1.200073,55.5
VRSN,0.1911194539726199,0.25735045446584626,0.6212983548455313,217.73,35.34578,0.0,0.974944,203.4
VRSK,0.14707812212548455,0.22614743914684665,0.5122767808837252,180.11,30.321548,0.0070999996,0.850773,199.57
VZ,0.04926480904094718,0.1820298102481551,0.0990868969325324,41.51,8.029013,0.0721,0.373249,46.24
VRTX,0.2741237614867731,0.43119155643504326,0.5633127965230095,301.02,23.796047,0.0,0.419675,314.1
VFC,0.05617631181107798,0.3149580577848604,0.07921140990105954,30.62,10.240803,0.0709,0.973992,34.05
VTRS,-0.013468492976691438,0.37663630388217156,-0.11867292799505141,12.18,3.2741935,0.049099997,1.13854,14.42
VICI,0.21042257177243023,0.34733600901013156,0.5159111843568267,34.51,16.671497,0.050300002,1.0,37.7
V,0.213137497335225,0.25215664519383874,0.7214144890020531,230.13,32.596317,0.0077,1.0,248.98
VMC,0.17431575283610395,0.31106701122896124,0.45998999468492097,183.52,30.586668,0.0099,0.783345,196.83
WAB,0.13219066458034115,0.3109226996691864,0.3247193746018638,105.53,21.985416,0.0066000004,1.473102,101.27
WBA,0.053350441132476056,0.29062456950654914,0.07612020269242145,37.09,7.132693,0.0541,0.654753,38.67
WMT,0.11118697608414994,0.2059119669079716,0.38831612018764433,141.71,24.223932,0.016,0.506263,152.67
WBD,-0.00294489487924903,0.40040801967104095,-0.08534528080022957,15.42,0.0,0.0,1.382829,23.65
WM,0.18288457721999626,0.18536799529701806,0.818137656302291,151.06,27.717432,0.0163,0.752763,174.75
WAT,0.1651088054114647,0.26063867008952746,0.5136642439559633,341.39,32.0554,0.0,0.879882,343.07
WEC,0.14129093337985335,0.21490079949033924,0.5121567423045411,93.56,21.808857,0.033,0.353721,95.77
WFC,0.10084381915239927,0.2958637904020877,0.2352967190190782,47.58,13.327732,0.026400002,1.131171,53.04
WELL,0.11244633670387572,0.31685175205498195,0.2563290124889145,75.82,77.36735,0.0404,1.02616,81.6
WST,0.26460778166653703,0.2749103718325711,0.8489302899580401,272.88,35.029526,0.0028,1.0,364.83
WDC,0.10758838632013797,0.4338859197717043,0.17599175923034405,43.25,5.255164,0.0,1.0,71.09
WRK,0.037470092434019005,0.38326976396522283,0.016286315871099053,34.89,7.519397,0.0299,1.116433,42.54
WY,0.09842763222122833,0.3132252497509089,0.2145407890341814,35.27,26.125925,0.0233,1.5,37.8
WHR,0.1199870709266763,0.3470732121597649,0.25573575782500585,154.97,6.671115,0.051999997,1.562638,143.33
WMB,0.12929105921032466,0.4177225837613921,0.2347563263950784,32.08,26.081303,0.0529,1.226971,37.45
WTW,0.12233319341478945,0.22808803342465944,0.39942978179362887,252.39,148.4647,0.0155,1.0,0.0
GWW,0.16918571185740278,0.2777455505489649,0.49670524546834044,675.81,29.679842,0.012999999,1.207442,572.0
WYNN,0.12281259180438622,0.49155946956839813,0.18631428642918832,102.96,57.2,0.0,1.971997,83.73
XEL,0.13932620436362925,0.20405108791761445,0.529760294211389,67.98,21.444796,0.0312,1.0,68.36
XYL,0.1830340066889854,0.27340969755772904,0.5552325614298759,105.25,33.842445,0.0121,1.062638,95.77
YUM,0.15072556201748724,0.2454284647195223,0.48689349118412245,127.01,26.9089,0.020299999,1.001105,131.84
ZBRA,0.27492590854841176,0.37975150870142566,0.6417298232402179,330.81,19.155182,0.0,1.662859,391.73
ZBH,0.10118630655972985,0.268087462222804,0.2609531456094304,129.45,14.828179,0.0086,1.075902,124.05
ZION,0.14977703957672847,0.33087761441456504,0.3582865519392786,54.41,12.56582,0.0325,1.207074,58.84
ZTS,0.20824509529674456,0.25503733835933207,0.6940828995521374,167.8,33.830647,0.0086,0.760869,226.45
